age,sex,job,housing,saving_account,checking_account,credit_amount,duration,risk,purpose,age_group,credit_per_month,saving_score,checking_score
67,male,skilled,own,little,little,1169,6,0,radio/TV,Retired,194.83333333333334,1,1
22,female,skilled,own,little,moderate,5951,48,1,radio/TV,Young,123.97916666666667,1,2
49,male,unskilled_and_non-resident,own,little,little,2096,12,0,education,Middle-aged,174.66666666666666,1,1
45,male,skilled,free,little,little,7882,42,0,furniture/equipment,Middle-aged,187.66666666666666,1,1
53,male,skilled,free,little,little,4870,24,1,car,Middle-aged,202.91666666666666,1,1
35,male,unskilled_and_non-resident,free,little,moderate,9055,36,0,education,Middle-aged,251.52777777777777,1,2
53,male,skilled,own,quite rich,moderate,2835,24,0,furniture/equipment,Middle-aged,118.125,4,2
35,male,highly skilled,rent,little,moderate,6948,36,0,car,Middle-aged,193.0,1,2
61,male,unskilled_and_non-resident,own,rich,moderate,3059,12,0,radio/TV,Middle-aged,254.91666666666666,3,2
28,male,highly skilled,own,little,moderate,5234,30,1,car,Young,174.46666666666667,1,2
25,female,skilled,rent,little,moderate,1295,12,1,car,Young,107.91666666666667,1,2
24,female,skilled,rent,little,little,4308,48,1,business,Young,89.75,1,1
22,female,skilled,own,little,moderate,1567,12,0,radio/TV,Young,130.58333333333334,1,2
60,male,unskilled_and_non-resident,own,little,little,1199,24,1,car,Middle-aged,49.958333333333336,1,1
28,female,skilled,rent,little,little,1403,15,0,car,Young,93.53333333333333,1,1
32,female,unskilled_and_non-resident,own,moderate,little,1282,24,1,radio/TV,Young,53.416666666666664,2,1
53,male,skilled,own,little,moderate,2424,24,0,radio/TV,Middle-aged,101.0,1,2
25,male,skilled,own,little,little,8072,30,0,business,Young,269.06666666666666,1,1
44,female,highly skilled,free,little,moderate,12579,24,1,car,Middle-aged,524.125,1,2
31,male,skilled,own,quite rich,moderate,3430,24,0,radio/TV,Young,142.91666666666666,4,2
48,male,skilled,own,little,little,2134,9,0,car,Middle-aged,237.11111111111111,1,1
44,male,skilled,rent,quite rich,little,2647,6,0,radio/TV,Middle-aged,441.1666666666667,4,1
48,male,unskilled_and_non-resident,rent,little,little,2241,10,0,car,Middle-aged,224.1,1,1
44,male,skilled,own,moderate,moderate,1804,12,0,car,Middle-aged,150.33333333333334,2,2
26,male,skilled,own,little,moderate,2069,10,0,furniture/equipment,Young,206.9,1,2
36,male,unskilled_and_non-resident,own,little,little,1374,6,0,furniture/equipment,Middle-aged,229.0,1,1
39,male,unskilled_and_non-resident,own,little,little,426,6,0,radio/TV,Middle-aged,71.0,1,1
42,female,skilled,rent,rich,rich,409,12,0,radio/TV,Middle-aged,34.083333333333336,3,3
34,male,skilled,own,little,moderate,2415,7,0,radio/TV,Young,345.0,1,2
63,male,skilled,own,little,little,6836,60,1,business,Middle-aged,113.93333333333334,1,1
36,male,skilled,own,rich,moderate,1913,18,0,business,Middle-aged,106.27777777777777,3,2
27,male,skilled,own,little,little,4020,24,0,furniture/equipment,Young,167.5,1,1
30,male,skilled,own,moderate,moderate,5866,18,0,car,Young,325.8888888888889,2,2
57,male,unskilled_and_non-resident,rent,little,moderate,1264,12,0,business,Middle-aged,105.33333333333333,1,2
33,female,highly skilled,own,little,rich,1474,12,0,furniture/equipment,Young,122.83333333333333,1,3
25,male,unskilled_and_non-resident,own,little,moderate,4746,45,1,radio/TV,Young,105.46666666666667,1,2
31,male,skilled,free,little,little,6110,48,0,education,Young,127.29166666666667,1,1
37,male,skilled,own,little,rich,2100,18,1,radio/TV,Middle-aged,116.66666666666667,1,3
37,male,skilled,own,little,rich,1225,10,0,domestic appliances,Middle-aged,122.5,1,3
24,male,skilled,own,little,moderate,458,9,0,radio/TV,Young,50.888888888888886,1,2
30,male,highly skilled,own,quite rich,moderate,2333,30,0,radio/TV,Young,77.76666666666667,4,2
26,male,skilled,own,quite rich,moderate,1158,12,0,radio/TV,Young,96.5,4,2
44,male,unskilled_and_non-resident,own,little,moderate,6204,18,0,repairs,Middle-aged,344.6666666666667,1,2
24,male,skilled,rent,moderate,little,6187,30,0,car,Young,206.23333333333332,2,1
58,female,unskilled_and_non-resident,free,little,little,6143,48,1,car,Middle-aged,127.97916666666667,1,1
35,female,highly skilled,own,little,little,1393,11,0,car,Middle-aged,126.63636363636364,1,1
39,male,skilled,own,quite rich,moderate,2299,36,0,radio/TV,Middle-aged,63.861111111111114,4,2
23,female,unskilled_and_non-resident,rent,quite rich,little,1352,6,0,car,Young,225.33333333333334,4,1
39,male,unskilled_and_non-resident,own,little,little,7228,11,0,car,Middle-aged,657.0909090909091,1,1
28,female,skilled,own,moderate,moderate,2073,12,0,radio/TV,Young,172.75,2,2
29,male,unskilled_and_non-resident,own,little,moderate,2333,24,0,furniture/equipment,Young,97.20833333333333,1,2
30,male,highly skilled,own,little,moderate,5965,27,0,car,Young,220.92592592592592,1,2
25,male,skilled,own,little,little,1262,12,0,radio/TV,Young,105.16666666666667,1,1
31,male,skilled,own,little,moderate,3378,18,0,car,Young,187.66666666666666,1,2
57,male,skilled,free,little,moderate,2225,36,1,car,Middle-aged,61.80555555555556,1,2
26,male,unskilled_and_non-resident,own,little,moderate,783,6,0,car,Young,130.5,1,2
52,male,highly skilled,own,little,moderate,6468,12,1,radio/TV,Middle-aged,539.0,1,2
31,female,skilled,own,little,little,9566,36,0,radio/TV,Young,265.72222222222223,1,1
23,female,highly skilled,own,little,rich,1961,18,0,car,Young,108.94444444444444,1,3
23,female,unskilled_and_non-resident,rent,little,little,6229,36,1,furniture/equipment,Young,173.02777777777777,1,1
27,male,skilled,own,little,moderate,1391,9,0,business,Young,154.55555555555554,1,2
50,male,skilled,own,little,moderate,1537,15,0,radio/TV,Middle-aged,102.46666666666667,1,2
61,male,highly skilled,free,little,moderate,1953,36,1,business,Middle-aged,54.25,1,2
25,male,skilled,own,little,moderate,14421,48,1,business,Young,300.4375,1,2
26,female,skilled,own,little,little,3181,24,0,radio/TV,Young,132.54166666666666,1,1
48,male,skilled,own,little,moderate,5190,27,0,repairs,Middle-aged,192.22222222222223,1,2
29,female,skilled,own,little,little,2171,12,0,radio/TV,Young,180.91666666666666,1,1
22,male,skilled,own,rich,moderate,1007,12,0,car,Young,83.91666666666667,3,2
37,male,skilled,free,little,little,1819,36,1,education,Middle-aged,50.52777777777778,1,1
25,female,skilled,own,little,moderate,2394,36,0,radio/TV,Young,66.5,1,2
30,female,skilled,own,little,little,8133,36,0,car,Young,225.91666666666666,1,1
46,male,unskilled_and_non-resident,rent,little,moderate,730,7,0,radio/TV,Middle-aged,104.28571428571429,1,2
51,male,highly skilled,free,little,little,1164,8,0,vacation/others,Middle-aged,145.5,1,1
41,female,unskilled_and_non-resident,own,little,moderate,5954,42,0,business,Middle-aged,141.76190476190476,1,2
40,male,highly skilled,own,little,little,1977,36,1,education,Middle-aged,54.916666666666664,1,1
66,male,highly skilled,free,little,little,1526,12,0,car,Retired,127.16666666666667,1,1
34,male,skilled,own,little,little,3965,42,1,radio/TV,Young,94.4047619047619,1,1
51,male,skilled,own,little,moderate,4771,11,0,radio/TV,Middle-aged,433.72727272727275,1,2
39,male,unskilled_and_non-resident,own,little,moderate,9436,54,0,car,Middle-aged,174.74074074074073,1,2
22,male,skilled,own,little,moderate,3832,30,0,furniture/equipment,Young,127.73333333333333,1,2
44,female,skilled,own,little,moderate,5943,24,1,radio/TV,Middle-aged,247.625,1,2
47,male,skilled,own,quite rich,moderate,1213,15,0,radio/TV,Middle-aged,80.86666666666666,4,2
24,female,unskilled_and_non-resident,rent,moderate,moderate,1568,18,0,business,Young,87.11111111111111,2,2
58,female,unskilled_and_non-resident,own,little,little,1755,24,0,vacation/others,Middle-aged,73.125,1,1
52,male,unskilled_and_non-resident,own,little,little,2315,10,0,radio/TV,Middle-aged,231.5,1,1
29,female,highly skilled,own,little,little,1412,12,0,business,Young,117.66666666666667,1,1
27,female,skilled,own,little,moderate,1295,18,0,furniture/equipment,Young,71.94444444444444,1,2
47,male,skilled,free,moderate,moderate,12612,36,1,education,Middle-aged,350.3333333333333,2,2
30,male,highly skilled,own,moderate,little,2249,18,0,car,Young,124.94444444444444,2,1
28,male,skilled,own,little,little,1108,12,1,repairs,Young,92.33333333333333,1,1
56,male,skilled,own,little,little,618,12,0,radio/TV,Middle-aged,51.5,1,1
54,male,skilled,own,little,little,1409,12,0,car,Middle-aged,117.41666666666667,1,1
33,female,unskilled_and_non-resident,own,little,moderate,797,12,1,radio/TV,Young,66.41666666666667,1,2
20,male,skilled,rent,little,rich,3617,24,0,furniture/equipment,Young,150.70833333333334,1,3
54,male,skilled,own,rich,moderate,1318,12,0,car,Middle-aged,109.83333333333333,3,2
58,male,skilled,rent,little,moderate,15945,54,1,business,Middle-aged,295.27777777777777,1,2
61,female,skilled,own,little,moderate,2012,12,0,education,Middle-aged,167.66666666666666,1,2
34,male,skilled,own,moderate,moderate,2622,18,0,business,Young,145.66666666666666,2,2
36,male,skilled,own,little,moderate,2337,36,0,radio/TV,Middle-aged,64.91666666666667,1,2
36,male,highly skilled,rent,little,moderate,7057,20,0,car,Middle-aged,352.85,1,2
41,male,unskilled_and_non-resident,rent,moderate,moderate,1469,24,0,car,Middle-aged,61.208333333333336,2,2
24,male,skilled,rent,little,moderate,2323,36,0,radio/TV,Young,64.52777777777777,1,2
24,female,skilled,own,little,little,932,6,0,radio/TV,Young,155.33333333333334,1,1
35,male,skilled,rent,little,moderate,1919,9,0,furniture/equipment,Middle-aged,213.22222222222223,1,2
26,male,skilled,rent,little,moderate,2445,12,0,car,Young,203.75,1,2
39,male,highly skilled,own,little,moderate,11938,24,1,vacation/others,Middle-aged,497.4166666666667,1,2
39,male,highly skilled,own,little,little,6458,18,1,car,Middle-aged,358.77777777777777,1,1
32,male,skilled,own,little,moderate,6078,12,0,car,Young,506.5,1,2
30,female,skilled,own,little,little,7721,24,0,furniture/equipment,Young,321.7083333333333,1,1
35,male,skilled,own,quite rich,moderate,1410,14,0,business,Middle-aged,100.71428571428571,4,2
31,male,skilled,own,moderate,moderate,1449,6,0,business,Young,241.5,2,2
23,female,skilled,rent,little,rich,392,15,0,education,Young,26.133333333333333,1,3
28,male,unskilled_and_non-resident,rent,little,moderate,6260,18,0,car,Young,347.77777777777777,1,2
25,female,skilled,own,little,little,7855,36,1,car,Young,218.19444444444446,1,1
35,male,skilled,own,quite rich,little,1680,12,0,radio/TV,Middle-aged,140.0,4,1
47,male,skilled,own,little,moderate,3578,48,0,radio/TV,Middle-aged,74.54166666666667,1,2
30,female,highly skilled,own,little,little,7174,42,1,radio/TV,Young,170.8095238095238,1,1
27,female,skilled,rent,little,little,2132,10,0,furniture/equipment,Young,213.2,1,1
23,female,skilled,own,quite rich,little,4281,33,1,furniture/equipment,Young,129.72727272727272,4,1
36,male,highly skilled,own,quite rich,moderate,2366,12,0,car,Middle-aged,197.16666666666666,4,2
25,female,skilled,own,little,little,1835,21,1,radio/TV,Young,87.38095238095238,1,1
41,female,highly skilled,rent,little,little,3868,24,0,car,Middle-aged,161.16666666666666,1,1
24,male,unskilled_and_non-resident,rent,little,little,1768,12,0,furniture/equipment,Young,147.33333333333334,1,1
63,male,skilled,free,little,rich,781,10,0,car,Middle-aged,78.1,1,3
27,female,skilled,rent,little,moderate,1924,18,1,furniture/equipment,Young,106.88888888888889,1,2
30,male,skilled,own,little,little,2121,12,0,car,Young,176.75,1,1
40,male,unskilled_and_non-resident,own,little,little,701,12,0,radio/TV,Middle-aged,58.416666666666664,1,1
30,male,skilled,own,little,moderate,639,12,1,repairs,Young,53.25,1,2
34,male,highly skilled,own,little,moderate,1860,12,0,car,Young,155.0,1,2
29,female,skilled,own,little,little,3499,12,1,car,Young,291.5833333333333,1,1
24,female,skilled,own,little,moderate,8487,48,0,car,Young,176.8125,1,2
29,male,skilled,own,little,little,6887,36,1,education,Young,191.30555555555554,1,1
27,male,unskilled_and_non-resident,own,little,little,2708,15,0,furniture/equipment,Young,180.53333333333333,1,1
47,male,skilled,free,little,little,1984,18,0,furniture/equipment,Middle-aged,110.22222222222223,1,1
21,female,skilled,own,moderate,moderate,10144,60,0,radio/TV,Young,169.06666666666666,2,2
38,female,skilled,own,little,moderate,1240,12,0,radio/TV,Middle-aged,103.33333333333333,1,2
27,male,skilled,own,rich,moderate,8613,27,0,car,Young,319.0,3,2
66,male,unskilled_and_non-resident,own,quite rich,moderate,766,12,1,radio/TV,Retired,63.833333333333336,4,2
35,male,skilled,own,little,moderate,2728,15,0,radio/TV,Middle-aged,181.86666666666667,1,2
44,female,unskilled_and_non-resident,rent,little,rich,1881,12,0,radio/TV,Middle-aged,156.75,1,3
27,male,unskilled_and_non-resident,own,rich,rich,709,6,0,car,Young,118.16666666666667,3,3
30,female,highly skilled,own,little,moderate,4795,36,0,radio/TV,Young,133.19444444444446,1,2
27,male,highly skilled,own,little,little,3416,27,0,radio/TV,Young,126.51851851851852,1,1
22,male,skilled,own,little,little,2462,18,1,furniture/equipment,Young,136.77777777777777,1,1
23,female,skilled,own,little,little,2288,21,0,furniture/equipment,Young,108.95238095238095,1,1
30,male,skilled,own,moderate,moderate,3566,48,0,business,Young,74.29166666666667,2,2
39,female,skilled,own,little,little,860,6,0,car,Middle-aged,143.33333333333334,1,1
51,female,skilled,own,moderate,moderate,682,12,0,car,Middle-aged,56.833333333333336,2,2
28,male,skilled,own,little,little,5371,36,0,furniture/equipment,Young,149.19444444444446,1,1
46,male,skilled,own,rich,moderate,1582,18,0,radio/TV,Middle-aged,87.88888888888889,3,2
42,male,skilled,free,moderate,moderate,1346,6,0,radio/TV,Middle-aged,224.33333333333334,2,2
38,male,skilled,own,little,little,1924,10,0,radio/TV,Middle-aged,192.4,1,1
24,male,skilled,own,little,rich,5848,36,0,radio/TV,Young,162.44444444444446,1,3
29,female,skilled,rent,rich,moderate,7758,24,0,car,Young,323.25,3,2
36,male,highly skilled,rent,moderate,moderate,6967,24,0,business,Middle-aged,290.2916666666667,2,2
20,female,skilled,rent,little,little,1282,12,1,furniture/equipment,Young,106.83333333333333,1,1
48,male,skilled,own,moderate,little,1288,9,0,repairs,Middle-aged,143.11111111111111,2,1
45,male,unskilled_and_non-resident,own,little,little,339,12,0,education,Middle-aged,28.25,1,1
38,male,skilled,own,moderate,moderate,3512,24,0,car,Middle-aged,146.33333333333334,2,2
34,male,unskilled_and_non-resident,own,little,moderate,1898,6,0,radio/TV,Young,316.3333333333333,1,2
36,male,skilled,own,moderate,moderate,2872,24,0,radio/TV,Middle-aged,119.66666666666667,2,2
30,female,skilled,own,little,little,1055,18,0,car,Young,58.611111111111114,1,1
36,male,skilled,own,quite rich,moderate,1262,15,0,domestic appliances,Middle-aged,84.13333333333334,4,2
70,male,highly skilled,free,little,moderate,7308,10,0,car,Retired,730.8,1,2
36,male,skilled,own,quite rich,moderate,909,36,0,car,Middle-aged,25.25,4,2
32,male,skilled,own,quite rich,moderate,2978,6,0,furniture/equipment,Young,496.3333333333333,4,2
33,female,skilled,own,little,little,1131,18,1,furniture/equipment,Young,62.833333333333336,1,1
20,female,skilled,own,rich,moderate,1577,11,0,furniture/equipment,Young,143.36363636363637,3,2
25,female,skilled,rent,little,little,3972,24,0,furniture/equipment,Young,165.5,1,1
31,male,skilled,own,little,moderate,1935,24,1,business,Young,80.625,1,2
33,male,skilled,rent,little,little,950,15,1,car,Young,63.333333333333336,1,1
26,female,skilled,own,little,little,763,12,0,furniture/equipment,Young,63.583333333333336,1,1
34,female,highly skilled,own,little,moderate,2064,24,1,furniture/equipment,Young,86.0,1,2
33,male,skilled,own,little,moderate,1414,8,0,radio/TV,Young,176.75,1,2
26,male,skilled,own,little,little,3414,21,1,education,Young,162.57142857142858,1,1
53,female,highly skilled,own,little,moderate,7485,30,1,car,Middle-aged,249.5,1,2
42,male,skilled,own,little,little,2577,12,0,furniture/equipment,Middle-aged,214.75,1,1
52,male,skilled,own,quite rich,little,338,6,0,radio/TV,Middle-aged,56.333333333333336,4,1
31,male,highly skilled,rent,little,little,1963,12,0,radio/TV,Young,163.58333333333334,1,1
65,male,skilled,own,little,little,571,21,0,car,Retired,27.19047619047619,1,1
28,male,skilled,own,little,little,9572,36,1,business,Young,265.8888888888889,1,1
30,male,highly skilled,own,little,moderate,4455,36,1,business,Young,123.75,1,2
40,male,unskilled_and_non-resident,own,little,little,1647,21,1,car,Middle-aged,78.42857142857143,1,1
50,male,skilled,own,rich,moderate,3777,24,0,furniture/equipment,Middle-aged,157.375,3,2
36,male,skilled,own,little,moderate,884,18,1,car,Middle-aged,49.111111111111114,1,2
31,male,skilled,own,little,little,1360,15,0,radio/TV,Young,90.66666666666667,1,1
74,female,highly skilled,free,little,moderate,5129,9,1,car,Retired,569.8888888888889,1,2
68,male,unskilled_and_non-resident,free,little,moderate,1175,16,0,car,Retired,73.4375,1,2
20,male,skilled,own,moderate,little,674,12,1,radio/TV,Young,56.166666666666664,2,1
33,female,skilled,own,little,moderate,3244,18,0,furniture/equipment,Young,180.22222222222223,1,2
54,male,highly skilled,own,rich,moderate,4591,24,1,business,Middle-aged,191.29166666666666,3,2
34,male,unskilled_and_non-resident,free,moderate,moderate,3844,48,1,business,Young,80.08333333333333,2,2
36,male,skilled,own,little,moderate,3915,27,1,business,Middle-aged,145.0,1,2
29,male,skilled,rent,little,little,2108,6,0,radio/TV,Young,351.3333333333333,1,1
21,male,skilled,rent,moderate,moderate,3031,45,1,radio/TV,Young,67.35555555555555,2,2
34,female,highly skilled,own,little,moderate,1501,9,1,education,Young,166.77777777777777,1,2
28,female,skilled,own,little,little,1382,6,0,radio/TV,Young,230.33333333333334,1,1
27,female,skilled,rent,moderate,moderate,951,12,1,furniture/equipment,Young,79.25,2,2
36,male,skilled,free,little,moderate,2760,24,0,car,Middle-aged,115.0,1,2
40,male,highly skilled,own,little,moderate,4297,18,1,furniture/equipment,Middle-aged,238.72222222222223,1,2
52,male,skilled,own,quite rich,moderate,936,9,0,education,Middle-aged,104.0,4,2
27,male,unskilled_and_non-resident,own,little,little,1168,12,0,car,Young,97.33333333333333,1,1
26,male,skilled,own,little,little,5117,27,0,business,Young,189.5185185185185,1,1
21,male,skilled,rent,little,little,902,12,1,education,Young,75.16666666666667,1,1
38,male,unskilled_and_non-resident,own,little,little,1495,12,0,car,Middle-aged,124.58333333333333,1,1
38,male,highly skilled,free,little,little,10623,30,0,car,Middle-aged,354.1,1,1
43,male,skilled,own,little,little,1935,12,0,furniture/equipment,Middle-aged,161.25,1,1
26,male,skilled,own,little,moderate,1424,12,0,domestic appliances,Young,118.66666666666667,1,2
21,male,unskilled_and_non-resident,own,little,little,6568,24,0,business,Young,273.6666666666667,1,1
55,male,skilled,own,rich,moderate,1413,12,0,car,Middle-aged,117.75,3,2
33,male,skilled,own,little,moderate,3074,9,0,radio/TV,Young,341.55555555555554,1,2
45,female,unskilled_and_non-resident,own,little,moderate,3835,36,0,radio/TV,Middle-aged,106.52777777777777,1,2
50,male,skilled,own,little,little,5293,27,1,business,Middle-aged,196.03703703703704,1,1
66,male,highly skilled,own,little,rich,1908,30,1,business,Retired,63.6,1,3
51,male,skilled,own,little,moderate,3342,36,0,radio/TV,Middle-aged,92.83333333333333,1,2
39,female,unskilled_and_non-resident,own,little,moderate,932,6,0,education,Middle-aged,155.33333333333334,1,2
31,male,skilled,own,little,little,3104,18,0,business,Young,172.44444444444446,1,1
23,male,skilled,own,little,rich,3913,36,0,radio/TV,Young,108.69444444444444,1,3
24,male,unskilled_and_non-resident,rent,little,little,3021,24,0,furniture/equipment,Young,125.875,1,1
64,female,skilled,own,little,little,1364,10,0,car,Middle-aged,136.4,1,1
26,male,unskilled_and_non-resident,own,little,moderate,625,12,0,radio/TV,Young,52.083333333333336,1,2
23,female,skilled,rent,little,little,1200,12,0,education,Young,100.0,1,1
30,male,skilled,own,little,little,707,12,0,radio/TV,Young,58.916666666666664,1,1
32,male,skilled,own,little,moderate,2978,24,0,business,Young,124.08333333333333,1,2
30,male,skilled,own,little,little,4657,15,0,car,Young,310.46666666666664,1,1
27,male,skilled,own,little,little,2613,36,0,repairs,Young,72.58333333333333,1,1
27,male,skilled,own,rich,moderate,10961,48,1,radio/TV,Young,228.35416666666666,3,2
53,male,highly skilled,free,little,little,7865,12,1,furniture/equipment,Middle-aged,655.4166666666666,1,1
22,male,skilled,own,little,little,1478,9,1,radio/TV,Young,164.22222222222223,1,1
22,male,skilled,free,little,little,3149,24,0,furniture/equipment,Young,131.20833333333334,1,1
26,male,skilled,own,little,rich,4210,36,1,radio/TV,Young,116.94444444444444,1,3
51,male,unskilled_and_non-resident,free,quite rich,moderate,2507,9,0,car,Middle-aged,278.55555555555554,4,2
35,male,skilled,own,moderate,moderate,2141,12,0,radio/TV,Middle-aged,178.41666666666666,2,2
25,male,unskilled_and_non-resident,own,little,moderate,866,18,0,radio/TV,Young,48.111111111111114,1,2
42,male,unskilled_and_non-resident,own,little,little,1544,4,0,radio/TV,Middle-aged,386.0,1,1
30,male,highly skilled,own,little,little,1823,24,1,radio/TV,Young,75.95833333333333,1,1
23,male,unskilled_and_non-resident,own,little,moderate,14555,6,1,car,Young,2425.8333333333335,1,2
61,male,unskilled_and_non-resident,rent,moderate,moderate,2767,21,1,business,Middle-aged,131.76190476190476,2,2
35,female,skilled,own,little,little,1291,12,0,radio/TV,Middle-aged,107.58333333333333,1,1
39,male,skilled,own,little,little,2522,30,0,radio/TV,Middle-aged,84.06666666666666,1,1
29,female,skilled,own,little,little,915,24,1,car,Young,38.125,1,1
51,male,skilled,own,little,little,1595,6,0,radio/TV,Middle-aged,265.8333333333333,1,1
24,male,skilled,free,little,little,4605,48,1,car,Young,95.9375,1,1
27,female,skilled,own,little,little,1185,12,0,business,Young,98.75,1,1
35,female,unskilled_and_non-resident,own,quite rich,moderate,3447,12,0,education,Middle-aged,287.25,4,2
25,male,skilled,own,little,little,1258,24,0,business,Young,52.416666666666664,1,1
52,male,skilled,own,little,little,717,12,0,radio/TV,Middle-aged,59.75,1,1
35,male,skilled,rent,moderate,moderate,1204,6,0,car,Middle-aged,200.66666666666666,2,2
26,male,skilled,own,little,rich,1925,24,0,furniture/equipment,Young,80.20833333333333,1,3
22,female,skilled,rent,little,little,433,18,1,radio/TV,Young,24.055555555555557,1,1
39,female,unskilled_and_non-resident,own,rich,little,666,6,0,car,Middle-aged,111.0,3,1
46,female,unskilled_and_non-resident,own,little,rich,2251,12,0,furniture/equipment,Middle-aged,187.58333333333334,1,3
24,female,skilled,own,little,moderate,2150,30,1,car,Young,71.66666666666667,1,2
35,male,skilled,own,moderate,moderate,4151,24,0,furniture/equipment,Middle-aged,172.95833333333334,2,2
24,male,skilled,own,little,moderate,2030,9,0,furniture/equipment,Young,225.55555555555554,1,2
27,male,unskilled_and_non-resident,own,little,moderate,7418,60,0,radio/TV,Young,123.63333333333334,1,2
35,male,unskilled_and_non-resident,own,little,little,2684,24,0,radio/TV,Middle-aged,111.83333333333333,1,1
29,male,skilled,free,little,little,2149,12,1,radio/TV,Young,179.08333333333334,1,1
23,female,skilled,own,moderate,moderate,3812,15,0,car,Young,254.13333333333333,2,2
57,female,unskilled_and_non-resident,own,moderate,moderate,1154,11,0,radio/TV,Middle-aged,104.9090909090909,2,2
27,male,skilled,own,little,little,1657,12,0,furniture/equipment,Young,138.08333333333334,1,1
55,female,skilled,own,little,little,1603,24,0,radio/TV,Middle-aged,66.79166666666667,1,1
36,male,highly skilled,free,little,little,5302,18,0,car,Middle-aged,294.55555555555554,1,1
57,female,unskilled_and_non-resident,free,little,little,2748,12,0,education,Middle-aged,229.0,1,1
32,male,unskilled_and_non-resident,own,little,little,1231,10,0,car,Young,123.1,1,1
37,male,skilled,own,little,moderate,802,15,1,radio/TV,Middle-aged,53.46666666666667,1,2
36,male,skilled,own,little,moderate,6304,36,0,business,Middle-aged,175.11111111111111,1,2
38,female,skilled,own,little,little,1533,24,0,radio/TV,Middle-aged,63.875,1,1
45,male,highly skilled,own,little,little,8978,14,1,car,Middle-aged,641.2857142857143,1,1
25,male,skilled,own,little,moderate,999,24,0,radio/TV,Young,41.625,1,2
32,male,skilled,own,little,moderate,2662,18,0,car,Young,147.88888888888889,1,2
37,female,skilled,rent,quite rich,moderate,1402,12,0,furniture/equipment,Middle-aged,116.83333333333333,4,2
36,male,highly skilled,free,little,moderate,12169,48,0,car,Middle-aged,253.52083333333334,1,2
28,male,skilled,own,little,moderate,3060,48,1,radio/TV,Young,63.75,1,2
34,male,unskilled_and_non-resident,own,little,little,11998,30,1,repairs,Young,399.93333333333334,1,1
32,male,skilled,own,little,little,2697,9,0,radio/TV,Young,299.6666666666667,1,1
26,female,skilled,own,little,little,2404,18,0,radio/TV,Young,133.55555555555554,1,1
49,male,unskilled_and_non-resident,own,little,little,1262,12,0,furniture/equipment,Middle-aged,105.16666666666667,1,1
32,female,skilled,own,little,little,4611,6,1,furniture/equipment,Young,768.5,1,1
29,male,highly skilled,rent,moderate,moderate,1901,24,0,radio/TV,Young,79.20833333333333,2,2
23,male,skilled,rent,rich,moderate,3368,15,0,car,Young,224.53333333333333,3,2
50,male,skilled,own,little,little,1574,12,0,furniture/equipment,Middle-aged,131.16666666666666,1,1
49,male,unskilled_and_non-resident,own,little,rich,1445,18,0,radio/TV,Middle-aged,80.27777777777777,1,3
63,male,skilled,own,little,moderate,1520,15,0,furniture/equipment,Middle-aged,101.33333333333333,1,2
37,male,skilled,own,moderate,moderate,3878,24,0,car,Middle-aged,161.58333333333334,2,2
35,female,unskilled_and_non-resident,own,little,little,10722,47,0,car,Middle-aged,228.12765957446808,1,1
26,male,skilled,own,little,little,4788,48,0,car,Young,99.75,1,1
31,male,highly skilled,free,moderate,moderate,7582,48,0,vacation/others,Young,157.95833333333334,2,2
49,female,skilled,own,little,moderate,1092,12,0,radio/TV,Middle-aged,91.0,1,2
48,male,skilled,own,little,little,1024,24,1,radio/TV,Middle-aged,42.666666666666664,1,1
26,male,skilled,own,little,little,1076,12,0,business,Young,89.66666666666667,1,1
28,male,highly skilled,rent,little,moderate,9398,36,1,car,Young,261.05555555555554,1,2
44,female,highly skilled,free,little,little,6419,24,0,car,Middle-aged,267.4583333333333,1,1
56,male,skilled,free,little,rich,4796,42,0,car,Middle-aged,114.19047619047619,1,3
46,male,highly skilled,own,little,moderate,7629,48,0,business,Middle-aged,158.9375,1,2
26,female,skilled,own,little,moderate,9960,48,1,furniture/equipment,Young,207.5,1,2
20,female,skilled,rent,little,moderate,4675,12,0,car,Young,389.5833333333333,1,2
45,male,unskilled_and_non-resident,own,little,moderate,1287,10,0,car,Middle-aged,128.7,1,2
43,male,skilled,own,little,little,2515,18,0,furniture/equipment,Middle-aged,139.72222222222223,1,1
32,male,skilled,own,rich,moderate,2745,21,0,furniture/equipment,Young,130.71428571428572,3,2
54,female,unskilled_and_non-resident,own,little,little,672,6,0,car,Middle-aged,112.0,1,1
42,female,skilled,own,little,moderate,3804,36,1,radio/TV,Middle-aged,105.66666666666667,1,2
37,male,unskilled_and_non-resident,own,little,rich,1344,24,1,car,Middle-aged,56.0,1,3
49,male,skilled,own,little,little,1038,10,0,car,Middle-aged,103.8,1,1
44,male,skilled,free,quite rich,moderate,10127,48,1,car,Middle-aged,210.97916666666666,4,2
33,male,skilled,own,rich,moderate,1543,6,0,furniture/equipment,Young,257.1666666666667,3,2
24,female,unskilled_and_non-resident,rent,little,moderate,4811,30,0,car,Young,160.36666666666667,1,2
33,male,unskilled_and_non-resident,own,moderate,little,727,12,1,radio/TV,Young,60.583333333333336,2,1
24,female,skilled,own,little,moderate,1237,8,1,furniture/equipment,Young,154.625,1,2
22,male,unskilled_and_non-resident,rent,little,moderate,276,9,0,car,Young,30.666666666666668,1,2
40,male,unskilled_and_non-resident,free,little,moderate,5381,48,0,vacation/others,Middle-aged,112.10416666666667,1,2
25,male,skilled,own,moderate,moderate,5511,24,0,furniture/equipment,Young,229.625,2,2
26,female,skilled,own,little,rich,3749,24,0,furniture/equipment,Young,156.20833333333334,1,3
25,male,unskilled_and_non-resident,own,little,moderate,685,12,1,car,Young,57.083333333333336,1,2
29,male,unskilled_and_non-resident,own,little,rich,1494,4,0,car,Young,373.5,1,3
31,male,skilled,own,little,little,2746,36,1,furniture/equipment,Young,76.27777777777777,1,1
38,male,unskilled_and_non-resident,own,little,little,708,12,0,furniture/equipment,Middle-aged,59.0,1,1
48,female,unskilled_and_non-resident,own,little,moderate,4351,24,0,furniture/equipment,Middle-aged,181.29166666666666,1,2
32,male,skilled,own,little,little,701,12,0,education,Young,58.416666666666664,1,1
27,female,unskilled_and_non-resident,own,little,little,3643,15,0,furniture/equipment,Young,242.86666666666667,1,1
28,male,highly skilled,own,little,moderate,4249,30,1,car,Young,141.63333333333333,1,2
32,male,skilled,own,little,little,1938,24,1,radio/TV,Young,80.75,1,1
34,male,highly skilled,free,little,little,2910,24,0,car,Young,121.25,1,1
28,male,skilled,own,rich,little,2659,18,0,furniture/equipment,Young,147.72222222222223,3,1
36,female,skilled,own,little,little,1028,18,0,car,Middle-aged,57.111111111111114,1,1
39,male,unskilled_and_non-resident,own,little,little,3398,8,0,car,Middle-aged,424.75,1,1
49,male,skilled,rent,little,moderate,5801,12,0,furniture/equipment,Middle-aged,483.4166666666667,1,2
34,female,skilled,own,rich,moderate,1525,24,0,car,Young,63.541666666666664,3,2
31,male,skilled,own,little,rich,4473,36,0,radio/TV,Young,124.25,1,3
28,male,skilled,own,little,moderate,1068,6,0,radio/TV,Young,178.0,1,2
75,male,highly skilled,free,little,little,6615,24,0,car,Retired,275.625,1,1
30,female,skilled,own,moderate,moderate,1864,18,1,education,Young,103.55555555555556,2,2
24,female,highly skilled,own,moderate,moderate,7408,60,1,car,Young,123.46666666666667,2,2
24,female,unskilled_and_non-resident,rent,moderate,moderate,11590,48,1,car,Young,241.45833333333334,2,2
23,male,skilled,rent,little,little,4110,24,1,furniture/equipment,Young,171.25,1,1
44,male,highly skilled,rent,little,little,3384,6,1,furniture/equipment,Middle-aged,564.0,1,1
23,female,unskilled_and_non-resident,own,little,moderate,2101,13,0,radio/TV,Young,161.6153846153846,1,2
24,female,skilled,rent,little,little,1275,15,1,domestic appliances,Young,85.0,1,1
28,male,skilled,own,little,little,4169,24,0,furniture/equipment,Young,173.70833333333334,1,1
31,male,unskilled_and_non-resident,own,little,moderate,1521,10,0,furniture/equipment,Young,152.1,1,2
24,female,skilled,free,little,moderate,5743,24,0,education,Young,239.29166666666666,1,2
26,female,unskilled_and_non-resident,rent,little,little,3599,21,0,furniture/equipment,Young,171.38095238095238,1,1
25,male,skilled,rent,quite rich,moderate,3213,18,0,radio/TV,Young,178.5,4,2
33,male,highly skilled,own,little,moderate,4439,18,0,business,Young,246.61111111111111,1,2
37,male,unskilled_and_non-resident,own,little,rich,3949,10,0,car,Middle-aged,394.9,1,3
43,female,unskilled_and_non-resident,own,little,little,1459,15,0,radio/TV,Middle-aged,97.26666666666667,1,1
23,male,skilled,own,little,moderate,882,13,0,radio/TV,Young,67.84615384615384,1,2
23,female,unskilled_and_non-resident,rent,quite rich,moderate,3758,24,0,radio/TV,Young,156.58333333333334,4,2
34,male,unskilled_and_non-resident,own,moderate,moderate,1743,6,0,business,Young,290.5,2,2
32,male,skilled,free,rich,moderate,1136,9,1,education,Young,126.22222222222223,3,2
23,female,skilled,rent,little,little,1236,9,0,domestic appliances,Young,137.33333333333334,1,1
29,female,skilled,own,little,moderate,959,9,1,furniture/equipment,Young,106.55555555555556,1,2
38,male,highly skilled,own,little,moderate,3229,18,0,car,Middle-aged,179.38888888888889,1,2
28,male,skilled,rent,little,little,6199,12,1,radio/TV,Young,516.5833333333334,1,1
46,male,skilled,free,quite rich,moderate,727,10,0,education,Middle-aged,72.7,4,2
23,male,unskilled_and_non-resident,own,little,moderate,1246,24,1,car,Young,51.916666666666664,1,2
49,male,skilled,own,little,moderate,2331,12,0,radio/TV,Middle-aged,194.25,1,2
26,male,highly skilled,own,little,little,4463,36,1,radio/TV,Young,123.97222222222223,1,1
28,male,skilled,own,little,little,776,12,0,radio/TV,Young,64.66666666666667,1,1
23,female,skilled,rent,little,little,2406,30,1,furniture/equipment,Young,80.2,1,1
61,male,skilled,free,little,moderate,1239,18,0,education,Middle-aged,68.83333333333333,1,2
37,male,highly skilled,own,little,rich,3399,12,0,radio/TV,Middle-aged,283.25,1,3
36,female,skilled,own,little,rich,2247,12,0,car,Middle-aged,187.25,1,3
21,male,skilled,rent,little,little,1766,6,0,furniture/equipment,Young,294.3333333333333,1,1
25,male,unskilled_and_non-resident,own,little,little,2473,18,1,furniture/equipment,Young,137.38888888888889,1,1
36,male,skilled,own,little,little,1542,12,0,business,Middle-aged,128.5,1,1
27,male,skilled,own,little,little,3850,18,0,car,Young,213.88888888888889,1,1
22,female,skilled,rent,little,little,3650,18,0,furniture/equipment,Young,202.77777777777777,1,1
42,male,skilled,own,little,little,3446,36,1,furniture/equipment,Middle-aged,95.72222222222223,1,1
40,female,skilled,rent,little,moderate,3001,18,0,furniture/equipment,Middle-aged,166.72222222222223,1,2
36,male,skilled,own,little,moderate,3079,36,0,car,Middle-aged,85.52777777777777,1,2
33,male,skilled,own,little,little,6070,18,0,radio/TV,Young,337.22222222222223,1,1
23,female,skilled,rent,little,little,2146,10,0,furniture/equipment,Young,214.6,1,1
63,male,highly skilled,free,little,moderate,13756,60,0,car,Middle-aged,229.26666666666668,1,2
60,female,highly skilled,free,moderate,moderate,14782,60,1,vacation/others,Middle-aged,246.36666666666667,2,2
37,female,skilled,rent,little,little,7685,48,1,business,Middle-aged,160.10416666666666,1,1
34,male,skilled,own,little,little,2320,18,0,radio/TV,Young,128.88888888888889,1,1
36,male,skilled,free,little,moderate,846,7,0,radio/TV,Middle-aged,120.85714285714286,1,2
57,male,highly skilled,free,little,moderate,14318,36,1,car,Middle-aged,397.72222222222223,1,2
52,female,unskilled_and_non-resident,own,moderate,moderate,362,6,0,car,Middle-aged,60.333333333333336,2,2
39,male,skilled,own,little,little,2212,20,0,furniture/equipment,Middle-aged,110.6,1,1
38,female,highly skilled,free,little,moderate,12976,18,1,car,Middle-aged,720.8888888888889,1,2
25,female,skilled,rent,little,moderate,1283,22,0,car,Young,58.31818181818182,1,2
26,male,skilled,own,little,rich,1330,12,0,car,Young,110.83333333333333,1,3
26,male,unskilled_and_non-resident,own,moderate,moderate,4272,30,0,business,Young,142.4,2,2
25,female,skilled,own,little,little,2238,18,0,radio/TV,Young,124.33333333333333,1,1
21,female,skilled,rent,little,moderate,1126,18,0,radio/TV,Young,62.55555555555556,1,2
40,male,highly skilled,own,little,moderate,7374,18,0,furniture/equipment,Middle-aged,409.6666666666667,1,2
27,male,skilled,own,quite rich,moderate,2326,15,0,business,Young,155.06666666666666,4,2
27,female,skilled,own,little,little,1449,9,0,business,Young,161.0,1,1
30,male,highly skilled,own,little,little,1820,18,0,car,Young,101.11111111111111,1,1
19,female,unskilled_and_non-resident,rent,rich,moderate,983,12,0,furniture/equipment,Young,81.91666666666667,3,2
39,male,highly skilled,free,little,little,3249,36,0,car,Middle-aged,90.25,1,1
31,female,skilled,own,little,little,1957,6,0,radio/TV,Young,326.1666666666667,1,1
31,male,highly skilled,own,little,little,2406,9,0,furniture/equipment,Young,267.3333333333333,1,1
32,male,skilled,rent,moderate,moderate,11760,39,0,education,Young,301.53846153846155,2,2
55,female,highly skilled,free,little,little,2578,12,0,furniture/equipment,Middle-aged,214.83333333333334,1,1
46,male,skilled,own,little,little,2348,36,0,furniture/equipment,Middle-aged,65.22222222222223,1,1
46,male,skilled,rent,little,moderate,1223,12,1,car,Middle-aged,101.91666666666667,1,2
43,female,unskilled_and_non-resident,own,rich,moderate,1516,24,0,radio/TV,Middle-aged,63.166666666666664,3,2
39,male,skilled,own,little,little,1473,18,0,radio/TV,Middle-aged,81.83333333333333,1,1
28,male,skilled,own,little,moderate,1887,18,0,business,Young,104.83333333333333,1,2
27,male,skilled,own,little,little,8648,24,1,business,Young,360.3333333333333,1,1
27,male,unskilled_and_non-resident,own,little,little,802,14,0,car,Young,57.285714285714285,1,1
43,male,skilled,own,little,moderate,2899,18,0,car,Middle-aged,161.05555555555554,1,2
22,male,skilled,own,little,moderate,2039,24,1,radio/TV,Young,84.95833333333333,1,2
43,male,skilled,own,little,moderate,2197,24,0,car,Middle-aged,91.54166666666667,1,2
27,male,skilled,own,little,little,1053,15,0,radio/TV,Young,70.2,1,1
26,male,highly skilled,own,quite rich,moderate,3235,24,0,radio/TV,Young,134.79166666666666,4,2
28,male,skilled,own,quite rich,rich,939,12,1,car,Young,78.25,4,3
20,female,skilled,own,little,moderate,1967,24,0,radio/TV,Young,81.95833333333333,1,2
35,male,highly skilled,own,little,little,7253,33,0,car,Middle-aged,219.78787878787878,1,1
42,male,highly skilled,own,little,little,2292,12,1,business,Middle-aged,191.0,1,1
40,male,unskilled_and_non-resident,rent,quite rich,moderate,1597,10,0,car,Middle-aged,159.7,4,2
35,female,skilled,own,little,little,1381,24,1,car,Middle-aged,57.541666666666664,1,1
35,male,skilled,own,little,little,5842,36,0,car,Middle-aged,162.27777777777777,1,1
33,male,unskilled_and_non-resident,own,little,little,2579,12,1,car,Young,214.91666666666666,1,1
23,female,skilled,rent,little,little,8471,18,0,education,Young,470.6111111111111,1,1
31,female,highly skilled,own,quite rich,moderate,2782,21,0,car,Young,132.47619047619048,4,2
33,female,skilled,own,little,moderate,1042,18,1,car,Young,57.888888888888886,1,2
20,female,skilled,rent,rich,moderate,3186,15,0,car,Young,212.4,3,2
30,male,skilled,own,little,moderate,2028,12,0,car,Young,169.0,1,2
47,male,unskilled_and_non-resident,own,little,moderate,958,12,0,car,Middle-aged,79.83333333333333,1,2
34,male,highly skilled,own,moderate,moderate,1591,21,0,furniture/equipment,Young,75.76190476190476,2,2
25,female,skilled,own,little,moderate,2762,12,1,furniture/equipment,Young,230.16666666666666,1,2
21,male,skilled,rent,little,moderate,2779,18,0,car,Young,154.38888888888889,1,2
29,male,skilled,own,little,little,2743,28,0,radio/TV,Young,97.96428571428571,1,1
46,male,skilled,own,rich,moderate,1149,18,0,radio/TV,Middle-aged,63.833333333333336,3,2
20,male,skilled,own,little,little,1313,9,0,furniture/equipment,Young,145.88888888888889,1,1
55,female,unskilled_and_non-resident,free,little,little,1190,18,1,repairs,Middle-aged,66.11111111111111,1,1
74,male,unskilled_and_non-resident,own,little,little,3448,5,0,business,Retired,689.6,1,1
29,male,highly skilled,own,little,moderate,11328,24,1,vacation/others,Young,472.0,1,2
36,male,highly skilled,free,little,little,1872,6,0,furniture/equipment,Middle-aged,312.0,1,1
33,male,skilled,own,little,little,2058,24,0,repairs,Young,85.75,1,1
25,male,skilled,own,little,little,2136,9,0,furniture/equipment,Young,237.33333333333334,1,1
25,male,skilled,own,little,moderate,1484,12,1,radio/TV,Young,123.66666666666667,1,2
23,male,unskilled_and_non-resident,rent,quite rich,moderate,660,6,0,repairs,Young,110.0,4,2
37,female,skilled,own,rich,moderate,1287,24,0,car,Middle-aged,53.625,3,2
65,male,unskilled_and_non-resident,own,little,little,3394,42,0,repairs,Retired,80.80952380952381,1,1
26,female,unskilled_and_non-resident,own,little,rich,609,12,1,business,Young,50.75,1,3
39,male,highly skilled,own,little,little,1884,12,0,car,Middle-aged,157.0,1,1
30,female,skilled,own,little,little,1620,12,0,furniture/equipment,Young,135.0,1,1
29,male,skilled,own,little,moderate,2629,20,0,vacation/others,Young,131.45,1,2
41,male,unskilled_and_non-resident,own,little,little,719,12,1,education,Middle-aged,59.916666666666664,1,1
30,female,highly skilled,own,little,moderate,5096,48,1,furniture/equipment,Young,106.16666666666667,1,2
41,female,unskilled_and_non-resident,rent,little,moderate,1244,9,0,education,Middle-aged,138.22222222222223,1,2
34,female,skilled,own,little,little,1842,36,1,car,Young,51.166666666666664,1,1
35,male,skilled,own,little,moderate,2576,7,0,radio/TV,Middle-aged,368.0,1,2
55,female,highly skilled,own,little,rich,1424,12,0,furniture/equipment,Middle-aged,118.66666666666667,1,3
61,male,skilled,own,rich,moderate,1512,15,1,repairs,Middle-aged,100.8,3,2
30,male,highly skilled,own,little,moderate,11054,36,0,car,Young,307.05555555555554,1,2
29,female,skilled,own,little,little,518,6,0,radio/TV,Young,86.33333333333333,1,1
34,male,skilled,own,little,little,2759,12,0,furniture/equipment,Young,229.91666666666666,1,1
35,male,highly skilled,own,little,little,2670,24,0,car,Middle-aged,111.25,1,1
31,male,skilled,own,little,little,4817,24,1,car,Young,200.70833333333334,1,1
29,female,highly skilled,own,little,little,2679,24,0,car,Young,111.625,1,1
36,male,skilled,rent,little,little,3905,11,0,car,Middle-aged,355.0,1,1
35,male,skilled,free,little,little,3386,12,1,car,Middle-aged,282.1666666666667,1,1
27,female,skilled,own,little,little,343,6,0,domestic appliances,Young,57.166666666666664,1,1
32,male,skilled,own,little,little,4594,18,0,radio/TV,Young,255.22222222222223,1,1
37,male,skilled,own,little,little,3620,36,0,furniture/equipment,Middle-aged,100.55555555555556,1,1
36,male,skilled,own,little,little,1721,15,0,car,Middle-aged,114.73333333333333,1,1
34,female,highly skilled,rent,little,moderate,3017,12,0,furniture/equipment,Young,251.41666666666666,1,2
38,male,skilled,own,little,moderate,754,12,0,education,Middle-aged,62.833333333333336,1,2
34,male,skilled,own,little,little,1950,18,0,business,Young,108.33333333333333,1,1
63,male,skilled,own,little,little,2924,24,0,car,Middle-aged,121.83333333333333,1,1
29,female,unskilled_and_non-resident,rent,little,little,1659,24,1,radio/TV,Young,69.125,1,1
32,male,skilled,own,little,moderate,7238,48,0,radio/TV,Young,150.79166666666666,1,2
26,female,skilled,own,little,little,2764,33,0,business,Young,83.75757575757575,1,1
35,male,unskilled_and_non-resident,own,little,little,4679,24,0,car,Middle-aged,194.95833333333334,1,1
22,male,skilled,rent,moderate,moderate,3092,24,1,radio/TV,Young,128.83333333333334,2,2
23,female,skilled,own,little,little,448,6,1,education,Young,74.66666666666667,1,1
28,male,unskilled_and_non-resident,own,little,little,654,9,1,car,Young,72.66666666666667,1,1
36,male,highly skilled,own,little,moderate,1238,6,0,education,Middle-aged,206.33333333333334,1,2
33,male,skilled,own,little,moderate,1245,18,1,radio/TV,Young,69.16666666666667,1,2
26,female,skilled,rent,little,little,3114,18,1,furniture/equipment,Young,173.0,1,1
24,male,skilled,own,quite rich,moderate,2569,39,0,car,Young,65.87179487179488,4,2
25,male,skilled,own,little,rich,5152,24,0,radio/TV,Young,214.66666666666666,1,3
39,male,unskilled_and_non-resident,own,moderate,moderate,1037,12,0,business,Middle-aged,86.41666666666667,2,2
44,male,skilled,own,little,little,1478,15,0,furniture/equipment,Middle-aged,98.53333333333333,1,1
23,female,unskilled_and_non-resident,own,little,moderate,3573,12,0,radio/TV,Young,297.75,1,2
26,male,skilled,own,little,moderate,1201,24,0,car,Young,50.041666666666664,1,2
57,female,skilled,rent,rich,little,3622,30,0,furniture/equipment,Middle-aged,120.73333333333333,3,1
30,female,skilled,own,rich,moderate,960,15,0,furniture/equipment,Young,64.0,3,2
44,male,skilled,own,quite rich,moderate,1163,12,0,car,Middle-aged,96.91666666666667,4,2
47,male,highly skilled,own,little,moderate,1209,6,1,car,Middle-aged,201.5,1,2
52,male,skilled,own,little,little,3077,12,0,radio/TV,Middle-aged,256.4166666666667,1,1
62,female,skilled,free,little,little,3757,24,0,car,Middle-aged,156.54166666666666,1,1
35,male,unskilled_and_non-resident,rent,moderate,moderate,1418,10,0,car,Middle-aged,141.8,2,2
26,male,skilled,rent,little,little,3518,6,0,car,Young,586.3333333333334,1,1
26,male,skilled,own,little,little,1934,12,0,radio/TV,Young,161.16666666666666,1,1
42,female,highly skilled,free,little,moderate,8318,27,1,business,Middle-aged,308.0740740740741,1,2
27,female,skilled,own,moderate,moderate,1237,6,0,radio/TV,Young,206.16666666666666,2,2
38,male,skilled,own,little,moderate,368,6,0,radio/TV,Middle-aged,61.333333333333336,1,2
39,male,unskilled_and_non-resident,rent,little,little,2122,12,0,car,Middle-aged,176.83333333333334,1,1
20,male,skilled,own,little,little,2996,24,1,furniture/equipment,Young,124.83333333333333,1,1
29,male,highly skilled,rent,moderate,moderate,9034,36,1,furniture/equipment,Young,250.94444444444446,2,2
40,male,skilled,own,little,little,1585,24,0,furniture/equipment,Middle-aged,66.04166666666667,1,1
32,male,unskilled_and_non-resident,own,little,moderate,1301,18,0,radio/TV,Young,72.27777777777777,1,2
28,male,skilled,own,moderate,rich,1323,6,0,car,Young,220.5,2,3
27,female,skilled,own,little,little,3123,24,1,car,Young,130.125,1,1
42,male,skilled,free,little,little,5493,36,0,car,Middle-aged,152.58333333333334,1,1
49,male,skilled,own,moderate,rich,1126,9,0,radio/TV,Middle-aged,125.11111111111111,2,3
38,male,skilled,own,moderate,moderate,1216,24,1,radio/TV,Middle-aged,50.666666666666664,2,2
24,female,skilled,rent,little,little,1207,24,1,car,Young,50.291666666666664,1,1
27,male,unskilled_and_non-resident,own,little,moderate,1309,10,1,car,Young,130.9,1,2
36,male,skilled,own,quite rich,rich,2360,15,0,car,Middle-aged,157.33333333333334,4,3
34,male,highly skilled,own,moderate,moderate,6850,15,1,car,Young,456.6666666666667,2,2
28,male,skilled,own,little,little,1413,24,0,radio/TV,Young,58.875,1,1
45,male,highly skilled,own,moderate,moderate,8588,39,0,car,Middle-aged,220.2051282051282,2,2
26,male,skilled,own,little,little,759,12,1,car,Young,63.25,1,1
32,male,highly skilled,free,little,little,4686,36,0,car,Young,130.16666666666666,1,1
26,male,skilled,rent,little,rich,2687,15,0,business,Young,179.13333333333333,1,3
20,male,skilled,rent,little,moderate,585,12,0,radio/TV,Young,48.75,1,2
54,male,skilled,own,little,moderate,2255,24,0,car,Middle-aged,93.95833333333333,1,2
37,female,skilled,own,little,little,609,6,0,car,Middle-aged,101.5,1,1
40,male,unskilled_and_non-resident,own,little,little,1361,6,0,car,Middle-aged,226.83333333333334,1,1
23,female,skilled,rent,little,little,7127,36,1,furniture/equipment,Young,197.97222222222223,1,1
43,male,skilled,own,moderate,little,1203,6,0,car,Middle-aged,200.5,2,1
36,male,skilled,free,little,moderate,700,6,0,radio/TV,Middle-aged,116.66666666666667,1,2
44,male,skilled,free,little,little,5507,24,0,repairs,Middle-aged,229.45833333333334,1,1
24,female,skilled,own,little,little,3190,18,1,radio/TV,Young,177.22222222222223,1,1
53,male,skilled,free,little,little,7119,48,1,furniture/equipment,Middle-aged,148.3125,1,1
23,female,skilled,own,moderate,moderate,3488,24,0,car,Young,145.33333333333334,2,2
26,female,unskilled_and_non-resident,own,little,moderate,1113,18,0,radio/TV,Young,61.833333333333336,1,2
30,male,skilled,own,little,moderate,7966,26,0,car,Young,306.38461538461536,1,2
31,female,skilled,own,moderate,moderate,1532,15,0,education,Young,102.13333333333334,2,2
42,male,unskilled_and_non-resident,own,little,little,1503,4,0,radio/TV,Middle-aged,375.75,1,1
31,male,skilled,rent,little,little,2302,36,1,radio/TV,Young,63.94444444444444,1,1
41,male,unskilled_and_non-resident,own,little,little,662,6,0,car,Middle-aged,110.33333333333333,1,1
32,male,skilled,own,little,moderate,2273,36,0,education,Young,63.138888888888886,1,2
28,female,skilled,rent,moderate,moderate,2631,15,1,car,Young,175.4,2,2
41,male,skilled,rent,little,little,1503,12,0,car,Middle-aged,125.25,1,1
26,male,skilled,own,moderate,moderate,1311,24,0,radio/TV,Young,54.625,2,2
25,male,skilled,own,little,moderate,3105,24,0,radio/TV,Young,129.375,1,2
33,male,skilled,rent,little,rich,2319,21,1,education,Young,110.42857142857143,1,3
75,female,highly skilled,own,little,little,1374,6,0,car,Retired,229.0,1,1
37,female,skilled,own,little,moderate,3612,18,0,furniture/equipment,Middle-aged,200.66666666666666,1,2
42,male,highly skilled,free,little,little,7763,48,1,car,Middle-aged,161.72916666666666,1,1
45,female,unskilled_and_non-resident,own,little,rich,3049,18,0,furniture/equipment,Middle-aged,169.38888888888889,1,3
23,male,skilled,rent,little,moderate,1534,12,1,radio/TV,Young,127.83333333333333,1,2
60,male,skilled,free,little,little,2032,24,0,car,Middle-aged,84.66666666666667,1,1
31,male,skilled,own,little,little,6350,30,1,furniture/equipment,Young,211.66666666666666,1,1
34,male,unskilled_and_non-resident,own,little,rich,2864,18,1,furniture/equipment,Young,159.11111111111111,1,3
61,male,unskilled_and_non-resident,own,little,little,1255,12,0,car,Middle-aged,104.58333333333333,1,1
43,male,skilled,free,little,little,1333,24,1,car,Middle-aged,55.541666666666664,1,1
37,female,skilled,own,little,little,2022,24,0,car,Middle-aged,84.25,1,1
32,male,skilled,own,little,little,1552,24,0,radio/TV,Young,64.66666666666667,1,1
24,female,unskilled_and_non-resident,own,little,little,626,12,1,radio/TV,Young,52.166666666666664,1,1
35,male,skilled,free,little,moderate,8858,48,0,car,Middle-aged,184.54166666666666,1,2
23,female,skilled,own,little,moderate,996,12,0,repairs,Young,83.0,1,2
45,male,unskilled_and_non-resident,own,quite rich,moderate,1750,6,0,radio/TV,Middle-aged,291.6666666666667,4,2
34,male,skilled,own,little,little,6999,48,1,radio/TV,Young,145.8125,1,1
27,male,skilled,own,moderate,moderate,1995,12,0,car,Young,166.25,2,2
67,female,highly skilled,own,little,moderate,1199,9,0,education,Retired,133.22222222222223,1,2
22,male,skilled,own,little,moderate,1331,12,1,radio/TV,Young,110.91666666666667,1,2
28,female,skilled,own,moderate,moderate,2278,18,1,car,Young,126.55555555555556,2,2
29,female,skilled,own,little,moderate,5003,21,1,car,Young,238.23809523809524,1,2
27,male,skilled,own,little,little,3552,24,1,furniture/equipment,Young,148.0,1,1
31,male,unskilled_and_non-resident,own,little,moderate,1928,18,1,furniture/equipment,Young,107.11111111111111,1,2
49,male,skilled,free,little,little,2964,24,0,car,Middle-aged,123.5,1,1
24,male,unskilled_and_non-resident,rent,little,little,1546,24,1,radio/TV,Young,64.41666666666667,1,1
29,female,skilled,own,little,rich,683,6,0,radio/TV,Young,113.83333333333333,1,3
37,male,skilled,free,little,moderate,12389,36,1,car,Middle-aged,344.1388888888889,1,2
37,male,highly skilled,own,little,moderate,4712,24,0,business,Middle-aged,196.33333333333334,1,2
23,female,skilled,rent,moderate,moderate,1553,24,0,radio/TV,Young,64.70833333333333,2,2
36,male,skilled,own,little,little,1372,12,1,car,Middle-aged,114.33333333333333,1,1
34,male,skilled,own,rich,moderate,2578,24,0,radio/TV,Young,107.41666666666667,3,2
41,male,skilled,own,little,moderate,3979,48,0,radio/TV,Middle-aged,82.89583333333333,1,2
31,female,skilled,own,little,little,6758,48,1,radio/TV,Young,140.79166666666666,1,1
23,female,unskilled_and_non-resident,rent,little,little,3234,24,1,furniture/equipment,Young,134.75,1,1
38,male,skilled,own,little,little,5954,30,0,radio/TV,Middle-aged,198.46666666666667,1,1
26,female,highly skilled,rent,little,moderate,5433,24,0,car,Young,226.375,1,2
22,female,unskilled_and_non-resident,own,little,little,806,15,0,business,Young,53.733333333333334,1,1
27,male,unskilled_and_non-resident,own,little,moderate,1082,9,0,radio/TV,Young,120.22222222222223,1,2
24,female,skilled,own,little,little,2788,15,0,furniture/equipment,Young,185.86666666666667,1,1
27,female,skilled,own,little,moderate,2930,12,0,radio/TV,Young,244.16666666666666,1,2
33,female,skilled,own,little,moderate,1927,24,0,education,Young,80.29166666666667,1,2
27,male,skilled,own,little,moderate,2820,36,1,car,Young,78.33333333333333,1,2
27,male,unskilled_and_non-resident,own,little,little,937,24,0,education,Young,39.041666666666664,1,1
30,male,skilled,own,little,moderate,1056,18,1,car,Young,58.666666666666664,1,2
49,male,unskilled_and_non-resident,own,little,moderate,3124,12,0,car,Middle-aged,260.3333333333333,1,2
26,female,skilled,rent,little,little,1388,9,0,furniture/equipment,Young,154.22222222222223,1,1
33,male,unskilled_and_non-resident,rent,little,moderate,2384,36,1,repairs,Young,66.22222222222223,1,2
52,female,highly skilled,free,little,moderate,2133,12,0,car,Middle-aged,177.75,1,2
20,female,skilled,rent,little,little,2039,18,1,furniture/equipment,Young,113.27777777777777,1,1
36,male,skilled,rent,little,little,2799,9,0,car,Middle-aged,311.0,1,1
21,male,unskilled_and_non-resident,own,little,little,1289,12,0,furniture/equipment,Young,107.41666666666667,1,1
47,male,unskilled_and_non-resident,own,little,little,1217,18,1,domestic appliances,Middle-aged,67.61111111111111,1,1
60,male,skilled,own,little,little,2246,12,1,furniture/equipment,Middle-aged,187.16666666666666,1,1
58,female,unskilled_and_non-resident,own,little,little,385,12,0,radio/TV,Middle-aged,32.083333333333336,1,1
42,female,skilled,rent,little,moderate,1965,24,0,car,Middle-aged,81.875,1,2
36,female,unskilled_and_non-resident,own,rich,moderate,1572,21,0,business,Middle-aged,74.85714285714286,3,2
20,female,unskilled_and_non-resident,rent,little,moderate,2718,24,1,car,Young,113.25,1,2
40,male,highly skilled,own,little,little,1358,24,1,vacation/others,Middle-aged,56.583333333333336,1,1
32,female,unskilled_and_non-resident,own,moderate,moderate,931,6,1,car,Young,155.16666666666666,2,2
23,female,skilled,rent,little,little,1442,24,1,car,Young,60.083333333333336,1,1
36,male,unskilled_and_non-resident,own,little,moderate,4241,24,1,business,Middle-aged,176.70833333333334,1,2
31,male,skilled,own,little,little,2775,18,1,car,Young,154.16666666666666,1,1
32,male,skilled,free,little,little,3863,24,0,business,Young,160.95833333333334,1,1
45,female,skilled,own,little,moderate,2329,7,0,radio/TV,Middle-aged,332.7142857142857,1,2
30,female,skilled,own,little,moderate,918,9,1,furniture/equipment,Young,102.0,1,2
34,female,unskilled_and_non-resident,free,little,moderate,1837,24,1,education,Young,76.54166666666667,1,2
28,female,highly skilled,own,little,little,3349,36,1,furniture/equipment,Young,93.02777777777777,1,1
23,female,skilled,own,little,rich,1275,10,0,furniture/equipment,Young,127.5,1,3
22,male,skilled,own,quite rich,little,2828,24,0,furniture/equipment,Young,117.83333333333333,4,1
74,male,highly skilled,own,little,little,4526,24,0,business,Retired,188.58333333333334,1,1
50,female,skilled,free,moderate,moderate,2671,36,1,radio/TV,Middle-aged,74.19444444444444,2,2
33,male,skilled,own,little,little,2051,18,0,radio/TV,Young,113.94444444444444,1,1
45,male,skilled,free,little,moderate,1300,15,0,car,Middle-aged,86.66666666666667,1,2
22,female,skilled,own,moderate,little,741,12,1,domestic appliances,Young,61.75,2,1
48,female,unskilled_and_non-resident,free,moderate,rich,1240,10,1,car,Middle-aged,124.0,2,3
29,female,skilled,own,rich,little,3357,21,0,radio/TV,Young,159.85714285714286,3,1
22,female,skilled,rent,little,little,3632,24,0,car,Young,151.33333333333334,1,1
22,female,skilled,own,little,little,1808,18,1,furniture/equipment,Young,100.44444444444444,1,1
48,male,highly skilled,own,little,moderate,12204,48,0,business,Middle-aged,254.25,1,2
27,male,highly skilled,free,little,moderate,9157,60,0,radio/TV,Young,152.61666666666667,1,2
37,male,skilled,rent,little,little,3676,6,0,car,Middle-aged,612.6666666666666,1,1
21,female,skilled,rent,moderate,moderate,3441,30,1,furniture/equipment,Young,114.7,2,2
49,male,unskilled_and_non-resident,own,little,little,640,12,0,car,Middle-aged,53.333333333333336,1,1
27,male,skilled,own,little,moderate,3652,21,0,business,Young,173.9047619047619,1,2
32,male,skilled,own,little,little,1530,18,1,car,Young,85.0,1,1
38,male,skilled,own,little,moderate,3914,48,1,business,Middle-aged,81.54166666666667,1,2
22,female,skilled,rent,little,little,1858,12,0,furniture/equipment,Young,154.83333333333334,1,1
65,male,skilled,free,little,little,2600,18,1,radio/TV,Retired,144.44444444444446,1,1
35,male,skilled,own,little,moderate,1979,15,0,radio/TV,Middle-aged,131.93333333333334,1,2
41,male,skilled,own,little,rich,2116,6,0,furniture/equipment,Middle-aged,352.6666666666667,1,3
29,male,skilled,own,moderate,moderate,1437,9,1,car,Young,159.66666666666666,2,2
36,male,skilled,own,quite rich,moderate,4042,42,0,furniture/equipment,Middle-aged,96.23809523809524,4,2
64,male,unskilled_and_non-resident,own,little,moderate,3832,9,0,education,Middle-aged,425.77777777777777,1,2
28,female,skilled,own,little,little,3660,24,0,radio/TV,Young,152.5,1,1
44,male,skilled,own,little,little,1553,18,1,furniture/equipment,Middle-aged,86.27777777777777,1,1
23,male,skilled,own,little,moderate,1444,15,0,radio/TV,Young,96.26666666666667,1,2
19,female,skilled,rent,little,little,1980,9,1,furniture/equipment,Young,220.0,1,1
25,female,unskilled_and_non-resident,own,little,moderate,1355,24,1,car,Young,56.458333333333336,1,2
47,male,skilled,own,little,little,1393,12,0,education,Middle-aged,116.08333333333333,1,1
28,female,skilled,own,quite rich,moderate,1376,24,0,radio/TV,Young,57.333333333333336,4,2
21,male,skilled,own,little,little,15653,60,0,radio/TV,Young,260.8833333333333,1,1
34,female,skilled,own,little,little,1493,12,0,radio/TV,Young,124.41666666666667,1,1
26,male,skilled,own,little,little,4370,42,1,radio/TV,Young,104.04761904761905,1,1
27,female,unskilled_and_non-resident,own,little,little,750,18,1,education,Young,41.666666666666664,1,1
38,male,unskilled_and_non-resident,own,little,moderate,1308,15,0,repairs,Middle-aged,87.2,1,2
40,male,highly skilled,own,moderate,moderate,4623,15,1,education,Middle-aged,308.2,2,2
33,male,skilled,own,little,little,1851,24,0,radio/TV,Young,77.125,1,1
32,male,highly skilled,own,little,little,1880,18,0,radio/TV,Young,104.44444444444444,1,1
27,male,skilled,rent,little,moderate,7980,36,1,business,Young,221.66666666666666,1,2
32,male,skilled,own,little,little,4583,30,0,furniture/equipment,Young,152.76666666666668,1,1
26,female,skilled,own,quite rich,moderate,1386,12,1,car,Young,115.5,4,2
38,male,skilled,free,little,rich,947,24,1,car,Middle-aged,39.458333333333336,1,3
40,male,unskilled_and_non-resident,rent,little,little,684,12,1,education,Middle-aged,57.0,1,1
50,male,highly skilled,free,little,little,7476,48,0,education,Middle-aged,155.75,1,1
37,male,unskilled_and_non-resident,own,little,moderate,1922,12,1,furniture/equipment,Middle-aged,160.16666666666666,1,2
45,male,skilled,own,little,little,2303,24,1,car,Middle-aged,95.95833333333333,1,1
42,male,highly skilled,own,moderate,moderate,8086,36,1,car,Middle-aged,224.61111111111111,2,2
35,male,skilled,own,little,little,2346,24,0,car,Middle-aged,97.75,1,1
22,male,skilled,free,little,little,3973,14,0,car,Young,283.7857142857143,1,1
41,male,unskilled_and_non-resident,own,little,moderate,888,12,1,car,Middle-aged,74.0,1,2
37,male,skilled,own,little,moderate,10222,48,0,radio/TV,Middle-aged,212.95833333333334,1,2
28,female,skilled,own,little,moderate,4221,30,0,business,Young,140.7,1,2
41,male,skilled,own,little,moderate,6361,18,0,furniture/equipment,Middle-aged,353.3888888888889,1,2
23,male,skilled,rent,little,rich,1297,12,0,radio/TV,Young,108.08333333333333,1,3
23,male,skilled,own,little,little,900,12,1,car,Young,75.0,1,1
50,male,skilled,own,little,little,2241,21,0,furniture/equipment,Middle-aged,106.71428571428571,1,1
35,male,highly skilled,own,little,moderate,1050,6,0,furniture/equipment,Middle-aged,175.0,1,2
50,female,unskilled_and_non-resident,own,little,rich,1047,6,0,education,Middle-aged,174.5,1,3
27,male,highly skilled,own,little,little,6314,24,0,vacation/others,Young,263.0833333333333,1,1
34,male,skilled,own,rich,moderate,3496,30,0,furniture/equipment,Young,116.53333333333333,3,2
27,female,skilled,own,little,little,3609,48,0,business,Young,75.1875,1,1
43,male,skilled,rent,little,little,4843,12,1,car,Middle-aged,403.5833333333333,1,1
47,male,skilled,own,little,rich,3017,30,0,radio/TV,Middle-aged,100.56666666666666,1,3
27,male,unskilled_and_non-resident,own,moderate,moderate,4139,24,0,business,Young,172.45833333333334,2,2
31,male,skilled,own,moderate,moderate,5742,36,0,business,Young,159.5,2,2
42,male,highly skilled,own,little,little,10366,60,0,car,Middle-aged,172.76666666666668,1,1
24,male,skilled,own,quite rich,moderate,2080,6,0,car,Young,346.6666666666667,4,2
41,male,unskilled_and_non-resident,own,quite rich,moderate,2580,21,1,business,Middle-aged,122.85714285714286,4,2
26,female,highly skilled,rent,little,little,4530,30,0,radio/TV,Young,151.0,1,1
33,male,skilled,own,little,little,5150,24,0,furniture/equipment,Young,214.58333333333334,1,1
24,male,skilled,own,moderate,moderate,5595,72,1,radio/TV,Young,77.70833333333333,2,2
64,male,unskilled_and_non-resident,rent,little,little,2384,24,0,radio/TV,Middle-aged,99.33333333333333,1,1
26,female,skilled,own,little,little,1453,18,0,radio/TV,Young,80.72222222222223,1,1
56,female,skilled,own,little,little,1538,6,0,education,Middle-aged,256.3333333333333,1,1
37,male,skilled,free,little,moderate,2279,12,0,radio/TV,Middle-aged,189.91666666666666,1,2
33,male,skilled,own,little,little,1478,15,0,radio/TV,Young,98.53333333333333,1,1
47,male,skilled,free,little,little,5103,24,0,radio/TV,Middle-aged,212.625,1,1
31,male,unskilled_and_non-resident,own,moderate,moderate,9857,36,0,business,Young,273.80555555555554,2,2
34,male,skilled,free,little,moderate,6527,60,0,car,Young,108.78333333333333,1,2
27,male,skilled,own,little,rich,1347,10,0,radio/TV,Young,134.7,1,3
30,male,skilled,free,moderate,moderate,2862,36,0,car,Young,79.5,2,2
35,male,skilled,own,moderate,moderate,2753,9,0,radio/TV,Middle-aged,305.8888888888889,2,2
31,male,skilled,own,rich,little,3651,12,0,car,Young,304.25,3,1
25,male,skilled,own,little,little,975,15,0,furniture/equipment,Young,65.0,1,1
25,female,unskilled_and_non-resident,own,moderate,moderate,2631,15,0,repairs,Young,175.4,2,2
29,male,skilled,own,moderate,moderate,2896,24,0,radio/TV,Young,120.66666666666667,2,2
44,male,unskilled_and_non-resident,own,little,little,4716,6,0,car,Middle-aged,786.0,1,1
28,male,skilled,own,little,little,2284,24,0,radio/TV,Young,95.16666666666667,1,1
50,male,skilled,rent,quite rich,moderate,1236,6,0,car,Middle-aged,206.0,4,2
29,male,skilled,own,little,moderate,1103,12,0,radio/TV,Young,91.91666666666667,1,2
38,female,unskilled_and_non-resident,own,little,little,926,12,0,car,Middle-aged,77.16666666666667,1,1
24,male,skilled,own,little,little,1800,18,0,radio/TV,Young,100.0,1,1
40,male,highly skilled,rent,little,rich,1905,15,0,education,Middle-aged,127.0,1,3
29,female,unskilled_and_non-resident,rent,quite rich,moderate,1123,12,1,furniture/equipment,Young,93.58333333333333,4,2
46,male,skilled,free,little,little,6331,48,1,car,Middle-aged,131.89583333333334,1,1
47,female,skilled,free,moderate,rich,1377,24,0,radio/TV,Middle-aged,57.375,2,3
41,male,skilled,own,moderate,moderate,2503,30,0,business,Middle-aged,83.43333333333334,2,2
32,female,skilled,own,little,moderate,2528,27,0,business,Young,93.62962962962963,1,2
35,female,skilled,free,quite rich,moderate,5324,15,0,car,Middle-aged,354.93333333333334,4,2
24,male,skilled,own,moderate,moderate,6560,48,1,car,Young,136.66666666666666,2,2
25,female,skilled,rent,little,moderate,2969,12,1,furniture/equipment,Young,247.41666666666666,1,2
25,female,skilled,own,little,moderate,1206,9,0,radio/TV,Young,134.0,1,2
37,male,unskilled_and_non-resident,own,little,moderate,2118,9,0,radio/TV,Middle-aged,235.33333333333334,1,2
32,male,highly skilled,own,quite rich,moderate,629,18,0,radio/TV,Young,34.94444444444444,4,2
35,female,skilled,free,little,little,1198,6,1,education,Middle-aged,199.66666666666666,1,1
46,male,highly skilled,own,little,moderate,2476,21,0,car,Middle-aged,117.9047619047619,1,2
25,male,unskilled_and_non-resident,own,little,little,1138,9,0,radio/TV,Young,126.44444444444444,1,1
27,male,highly skilled,own,little,moderate,14027,60,1,car,Young,233.78333333333333,1,2
63,male,skilled,own,little,moderate,7596,30,0,car,Middle-aged,253.2,1,2
40,male,skilled,own,little,moderate,3077,30,0,radio/TV,Middle-aged,102.56666666666666,1,2
32,male,highly skilled,free,little,little,1505,18,0,radio/TV,Young,83.61111111111111,1,1
31,male,skilled,own,little,rich,3148,24,0,radio/TV,Young,131.16666666666666,1,3
31,male,skilled,own,moderate,moderate,6148,20,0,car,Young,307.4,2,2
34,male,highly skilled,own,little,rich,1337,9,1,radio/TV,Young,148.55555555555554,1,3
24,female,skilled,rent,rich,moderate,433,6,1,education,Young,72.16666666666667,3,2
24,female,unskilled_and_non-resident,own,little,little,1228,12,1,car,Young,102.33333333333333,1,1
66,female,unskilled_and_non-resident,own,quite rich,moderate,790,9,0,radio/TV,Retired,87.77777777777777,4,2
21,female,skilled,rent,little,little,2570,27,1,car,Young,95.18518518518519,1,1
41,female,unskilled_and_non-resident,own,rich,moderate,250,6,0,car,Middle-aged,41.666666666666664,3,2
47,male,unskilled_and_non-resident,own,quite rich,moderate,1316,15,0,radio/TV,Middle-aged,87.73333333333333,4,2
25,female,skilled,rent,little,little,1882,18,1,radio/TV,Young,104.55555555555556,1,1
59,female,skilled,rent,little,moderate,6416,48,1,business,Middle-aged,133.66666666666666,1,2
36,male,skilled,own,rich,rich,1275,24,0,business,Middle-aged,53.125,3,3
33,male,skilled,own,little,moderate,6403,24,0,radio/TV,Young,266.7916666666667,1,2
21,male,unskilled_and_non-resident,rent,little,little,1987,24,1,radio/TV,Young,82.79166666666667,1,1
44,female,unskilled_and_non-resident,own,little,moderate,760,8,0,radio/TV,Middle-aged,95.0,1,2
28,female,skilled,rent,rich,moderate,2603,24,0,car,Young,108.45833333333333,3,2
37,female,skilled,own,little,little,3380,4,0,car,Middle-aged,845.0,1,1
29,female,unskilled_and_non-resident,own,little,moderate,3990,36,0,domestic appliances,Young,110.83333333333333,1,2
23,female,highly skilled,rent,little,moderate,11560,24,1,car,Young,481.6666666666667,1,2
35,male,unskilled_and_non-resident,own,moderate,little,4380,18,0,car,Middle-aged,243.33333333333334,2,1
45,male,highly skilled,own,little,little,6761,6,0,car,Middle-aged,1126.8333333333333,1,1
26,female,unskilled_and_non-resident,rent,moderate,moderate,4280,30,1,business,Young,142.66666666666666,2,2
32,male,skilled,own,moderate,little,2325,24,0,car,Young,96.875,2,1
23,male,unskilled_and_non-resident,own,little,moderate,1048,10,0,radio/TV,Young,104.8,1,2
41,male,skilled,own,little,moderate,3160,21,0,radio/TV,Middle-aged,150.47619047619048,1,2
22,male,skilled,own,quite rich,little,2483,24,0,furniture/equipment,Young,103.45833333333333,4,1
30,male,highly skilled,own,little,little,14179,39,0,furniture/equipment,Young,363.56410256410254,1,1
28,male,unskilled_and_non-resident,own,little,little,1797,13,0,business,Young,138.23076923076923,1,1
23,female,skilled,rent,little,little,2511,15,0,car,Young,167.4,1,1
37,female,unskilled_and_non-resident,own,little,little,1274,12,1,car,Middle-aged,106.16666666666667,1,1
26,male,skilled,own,little,moderate,5248,21,0,car,Young,249.9047619047619,1,2
33,male,skilled,own,little,little,3029,15,0,car,Young,201.93333333333334,1,1
49,female,skilled,own,little,little,428,6,0,furniture/equipment,Middle-aged,71.33333333333333,1,1
23,female,unskilled_and_non-resident,own,little,little,976,18,1,car,Young,54.22222222222222,1,1
23,female,unskilled_and_non-resident,rent,moderate,moderate,841,12,0,business,Young,70.08333333333333,2,2
25,female,skilled,own,little,little,5771,30,0,radio/TV,Young,192.36666666666667,1,1
55,male,skilled,free,rich,moderate,1555,12,1,repairs,Middle-aged,129.58333333333334,3,2
32,female,skilled,rent,little,little,1285,24,1,car,Young,53.541666666666664,1,1
74,male,unskilled_and_non-resident,own,little,rich,1299,6,0,car,Retired,216.5,1,3
39,male,skilled,free,little,rich,1271,15,1,radio/TV,Middle-aged,84.73333333333333,1,3
31,male,skilled,own,little,little,1393,24,0,car,Young,58.041666666666664,1,1
35,male,skilled,own,little,little,691,12,1,car,Middle-aged,57.583333333333336,1,1
59,female,skilled,own,little,moderate,5045,15,0,car,Middle-aged,336.3333333333333,1,2
24,female,skilled,rent,little,little,2124,18,1,furniture/equipment,Young,118.0,1,1
24,male,unskilled_and_non-resident,own,little,little,2214,12,0,radio/TV,Young,184.5,1,1
30,male,highly skilled,free,little,moderate,12680,21,1,car,Young,603.8095238095239,1,2
27,male,skilled,own,moderate,moderate,2463,24,0,car,Young,102.625,2,2
40,male,unskilled_and_non-resident,own,little,moderate,1155,12,0,radio/TV,Middle-aged,96.25,1,2
31,male,unskilled_and_non-resident,own,little,little,3108,30,1,furniture/equipment,Young,103.6,1,1
31,female,skilled,rent,little,moderate,2901,10,0,car,Young,290.1,1,2
28,male,skilled,rent,little,moderate,3617,12,0,furniture/equipment,Young,301.4166666666667,1,2
63,male,unskilled_and_non-resident,own,little,little,1655,12,0,radio/TV,Middle-aged,137.91666666666666,1,1
26,female,skilled,rent,little,little,2812,24,0,car,Young,117.16666666666667,1,1
25,female,highly skilled,own,little,little,8065,36,1,education,Young,224.02777777777777,1,1
36,male,highly skilled,own,little,little,3275,21,0,car,Middle-aged,155.95238095238096,1,1
52,male,skilled,own,moderate,moderate,2223,24,0,radio/TV,Middle-aged,92.625,2,2
66,male,unskilled_and_non-resident,free,quite rich,rich,1480,12,0,car,Retired,123.33333333333333,4,3
25,female,skilled,rent,little,little,1371,24,1,car,Young,57.125,1,1
37,male,skilled,own,little,little,3535,36,0,car,Middle-aged,98.19444444444444,1,1
25,female,skilled,own,little,little,3509,18,0,radio/TV,Young,194.94444444444446,1,1
38,male,highly skilled,own,rich,moderate,5711,36,0,car,Middle-aged,158.63888888888889,3,2
67,female,skilled,own,little,moderate,3872,18,0,repairs,Retired,215.11111111111111,1,2
25,male,skilled,own,little,moderate,4933,39,1,radio/TV,Young,126.48717948717949,1,2
60,male,skilled,own,rich,moderate,1940,24,0,car,Middle-aged,80.83333333333333,3,2
31,male,unskilled_and_non-resident,own,little,moderate,1410,12,0,education,Young,117.5,1,2
23,female,unskilled_and_non-resident,own,moderate,moderate,836,12,1,car,Young,69.66666666666667,2,2
60,male,highly skilled,own,little,moderate,6468,20,0,car,Middle-aged,323.4,1,2
35,male,unskilled_and_non-resident,own,rich,moderate,1941,18,0,business,Middle-aged,107.83333333333333,3,2
40,male,skilled,own,quite rich,moderate,2675,22,0,radio/TV,Middle-aged,121.5909090909091,4,2
38,male,skilled,own,little,moderate,2751,48,0,car,Middle-aged,57.3125,1,2
50,male,skilled,free,little,moderate,6224,48,1,education,Middle-aged,129.66666666666666,1,2
27,male,skilled,own,little,little,5998,40,1,education,Young,149.95,1,1
39,female,skilled,own,little,moderate,1188,21,1,business,Middle-aged,56.57142857142857,1,2
41,male,highly skilled,own,little,moderate,6313,24,0,car,Middle-aged,263.0416666666667,1,2
27,male,skilled,own,little,moderate,1221,6,0,furniture/equipment,Young,203.5,1,2
51,male,skilled,free,little,rich,2892,24,0,furniture/equipment,Middle-aged,120.5,1,3
32,male,skilled,rent,quite rich,moderate,3062,24,0,furniture/equipment,Young,127.58333333333333,4,2
22,female,skilled,rent,moderate,moderate,2301,9,0,furniture/equipment,Young,255.66666666666666,2,2
51,male,skilled,free,little,little,7511,18,1,car,Middle-aged,417.27777777777777,1,1
22,female,unskilled_and_non-resident,rent,little,little,1258,12,0,furniture/equipment,Young,104.83333333333333,1,1
54,male,skilled,own,little,moderate,717,24,0,car,Middle-aged,29.875,1,2
35,male,unskilled_and_non-resident,own,little,moderate,1549,9,0,car,Middle-aged,172.11111111111111,1,2
54,male,skilled,free,little,little,1597,24,0,education,Middle-aged,66.54166666666667,1,1
48,female,unskilled_and_non-resident,rent,little,moderate,1795,18,0,radio/TV,Middle-aged,99.72222222222223,1,2
24,female,skilled,own,little,little,4272,20,0,furniture/equipment,Young,213.6,1,1
35,male,skilled,own,little,moderate,976,12,0,radio/TV,Middle-aged,81.33333333333333,1,2
24,female,unskilled_and_non-resident,rent,little,moderate,7472,12,0,car,Young,622.6666666666666,1,2
24,male,skilled,own,little,little,9271,36,1,car,Young,257.52777777777777,1,1
26,male,unskilled_and_non-resident,own,little,moderate,590,6,0,radio/TV,Young,98.33333333333333,1,2
65,male,skilled,own,little,moderate,930,12,0,radio/TV,Retired,77.5,1,2
55,male,highly skilled,free,little,moderate,9283,42,0,car,Middle-aged,221.02380952380952,1,2
26,female,unskilled_and_non-resident,rent,little,moderate,1778,15,1,car,Young,118.53333333333333,1,2
26,male,skilled,own,little,moderate,907,8,0,business,Young,113.375,1,2
28,male,unskilled_and_non-resident,own,little,moderate,484,6,0,radio/TV,Young,80.66666666666667,1,2
24,male,skilled,own,little,little,9629,36,1,car,Young,267.47222222222223,1,1
54,male,skilled,own,little,little,3051,48,1,domestic appliances,Middle-aged,63.5625,1,1
46,male,skilled,free,little,little,3931,48,1,car,Middle-aged,81.89583333333333,1,1
54,female,skilled,rent,little,moderate,7432,36,0,car,Middle-aged,206.44444444444446,1,2
62,male,skilled,own,quite rich,moderate,1338,6,0,domestic appliances,Middle-aged,223.0,4,2
24,female,skilled,rent,little,little,1554,6,0,radio/TV,Young,259.0,1,1
43,male,highly skilled,own,little,little,15857,36,0,vacation/others,Middle-aged,440.47222222222223,1,1
26,male,skilled,own,little,little,1345,18,1,radio/TV,Young,74.72222222222223,1,1
27,male,skilled,own,little,little,1101,12,0,car,Young,91.75,1,1
24,male,skilled,own,little,rich,3016,12,0,radio/TV,Young,251.33333333333334,1,3
41,male,skilled,own,little,little,2712,36,1,furniture/equipment,Middle-aged,75.33333333333333,1,1
47,male,unskilled_and_non-resident,own,little,little,731,8,0,car,Middle-aged,91.375,1,1
35,male,highly skilled,own,little,little,3780,18,0,furniture/equipment,Middle-aged,210.0,1,1
30,male,skilled,own,little,little,1602,21,0,car,Young,76.28571428571429,1,1
33,female,skilled,rent,little,little,3966,18,1,car,Young,220.33333333333334,1,1
36,male,skilled,own,little,little,4165,18,1,business,Middle-aged,231.38888888888889,1,1
47,male,skilled,free,little,little,8335,36,1,car,Middle-aged,231.52777777777777,1,1
38,male,skilled,free,little,moderate,6681,48,0,business,Middle-aged,139.1875,1,2
44,male,skilled,own,quite rich,moderate,2375,24,0,business,Middle-aged,98.95833333333333,4,2
23,female,skilled,rent,little,little,1216,18,1,car,Young,67.55555555555556,1,1
29,male,skilled,rent,little,little,11816,45,1,business,Young,262.5777777777778,1,1
42,female,skilled,own,little,moderate,5084,24,0,radio/TV,Middle-aged,211.83333333333334,1,2
25,female,unskilled_and_non-resident,own,little,rich,2327,15,1,radio/TV,Young,155.13333333333333,1,3
48,male,skilled,own,little,little,1082,12,1,car,Middle-aged,90.16666666666667,1,1
21,female,skilled,own,little,moderate,886,12,0,radio/TV,Young,73.83333333333333,1,2
23,female,unskilled_and_non-resident,rent,little,little,601,4,0,furniture/equipment,Young,150.25,1,1
63,male,skilled,own,little,little,2957,24,0,car,Middle-aged,123.20833333333333,1,1
46,male,skilled,own,little,little,2611,24,0,radio/TV,Middle-aged,108.79166666666667,1,1
29,male,skilled,own,little,little,5179,36,1,furniture/equipment,Young,143.86111111111111,1,1
28,male,unskilled_and_non-resident,own,little,little,2993,21,0,car,Young,142.52380952380952,1,1
23,female,skilled,own,little,little,1943,18,1,repairs,Young,107.94444444444444,1,1
50,male,skilled,own,little,little,1559,24,0,business,Middle-aged,64.95833333333333,1,1
47,male,skilled,own,little,little,3422,18,0,furniture/equipment,Middle-aged,190.11111111111111,1,1
35,male,skilled,own,little,moderate,3976,21,0,furniture/equipment,Middle-aged,189.33333333333334,1,2
68,male,skilled,rent,little,moderate,6761,18,1,car,Retired,375.6111111111111,1,2
28,male,skilled,own,little,little,1249,24,0,car,Young,52.041666666666664,1,1
59,male,skilled,own,little,little,1364,9,0,radio/TV,Middle-aged,151.55555555555554,1,1
57,male,unskilled_and_non-resident,own,little,little,709,12,1,radio/TV,Middle-aged,59.083333333333336,1,1
33,male,skilled,rent,little,little,2235,20,1,car,Young,111.75,1,1
43,male,skilled,own,little,moderate,4042,24,0,car,Middle-aged,168.41666666666666,1,2
35,male,skilled,free,little,little,1471,15,0,radio/TV,Middle-aged,98.06666666666666,1,1
32,male,unskilled_and_non-resident,free,little,little,1442,18,1,car,Young,80.11111111111111,1,1
45,male,skilled,own,little,little,10875,36,0,car,Middle-aged,302.0833333333333,1,1
33,male,skilled,own,moderate,moderate,1474,24,0,car,Young,61.416666666666664,2,2
40,female,skilled,own,little,moderate,894,10,0,education,Middle-aged,89.4,1,2
28,male,skilled,free,little,little,3343,15,0,furniture/equipment,Young,222.86666666666667,1,1
29,female,skilled,own,little,little,3959,15,1,car,Young,263.93333333333334,1,1
26,male,skilled,rent,moderate,moderate,3577,9,0,car,Young,397.44444444444446,2,2
27,male,skilled,own,rich,moderate,5804,24,0,car,Young,241.83333333333334,3,2
28,male,skilled,own,little,little,2169,18,1,business,Young,120.5,1,1
35,female,skilled,own,little,little,2439,24,1,radio/TV,Middle-aged,101.625,1,1
32,male,unskilled_and_non-resident,own,rich,moderate,4526,27,0,furniture/equipment,Young,167.62962962962962,3,2
25,male,unskilled_and_non-resident,rent,little,little,2210,10,1,furniture/equipment,Young,221.0,1,1
20,female,skilled,rent,quite rich,moderate,2221,15,0,furniture/equipment,Young,148.06666666666666,4,2
27,female,skilled,own,little,little,2389,18,0,radio/TV,Young,132.72222222222223,1,1
42,male,skilled,own,little,little,3331,12,0,furniture/equipment,Middle-aged,277.5833333333333,1,1
37,male,skilled,own,little,moderate,7409,36,0,business,Middle-aged,205.80555555555554,1,2
24,female,skilled,rent,little,little,652,12,0,furniture/equipment,Young,54.333333333333336,1,1
40,female,skilled,own,quite rich,moderate,7678,36,0,furniture/equipment,Middle-aged,213.27777777777777,4,2
46,male,skilled,own,little,rich,1343,6,0,car,Middle-aged,223.83333333333334,1,3
26,male,skilled,own,moderate,little,1382,24,0,business,Young,57.583333333333336,2,1
24,female,skilled,own,little,moderate,874,15,0,domestic appliances,Young,58.266666666666666,1,2
29,male,unskilled_and_non-resident,own,little,little,3590,12,0,furniture/equipment,Young,299.1666666666667,1,1
40,female,skilled,own,rich,moderate,1322,11,0,car,Middle-aged,120.18181818181819,3,2
36,male,highly skilled,free,little,little,1940,18,0,radio/TV,Middle-aged,107.77777777777777,1,1
28,male,skilled,own,little,little,3595,36,0,radio/TV,Young,99.86111111111111,1,1
27,male,highly skilled,free,little,little,1422,9,1,car,Young,158.0,1,1
36,male,skilled,own,little,moderate,6742,30,0,radio/TV,Middle-aged,224.73333333333332,1,2
38,male,highly skilled,own,little,little,7814,24,0,car,Middle-aged,325.5833333333333,1,1
48,male,skilled,free,little,moderate,9277,24,0,car,Middle-aged,386.5416666666667,1,2
36,male,skilled,own,little,moderate,2181,30,0,car,Middle-aged,72.7,1,2
65,female,unskilled_and_non-resident,own,little,little,1098,18,0,radio/TV,Retired,61.0,1,1
43,male,skilled,own,little,moderate,4057,24,1,furniture/equipment,Middle-aged,169.04166666666666,1,2
53,female,skilled,own,little,little,795,12,1,education,Middle-aged,66.25,1,1
34,male,skilled,own,little,moderate,2825,24,0,business,Young,117.70833333333333,1,2
23,male,skilled,own,little,moderate,15672,48,1,business,Young,326.5,1,2
34,male,highly skilled,own,little,little,6614,36,0,car,Young,183.72222222222223,1,1
40,male,skilled,rent,little,moderate,7824,28,0,car,Middle-aged,279.42857142857144,1,2
43,male,highly skilled,own,little,little,2442,27,0,business,Middle-aged,90.44444444444444,1,1
46,male,skilled,own,little,little,1829,15,0,radio/TV,Middle-aged,121.93333333333334,1,1
38,male,unskilled_and_non-resident,own,little,little,2171,12,0,car,Middle-aged,180.91666666666666,1,1
34,male,skilled,own,little,moderate,5800,36,0,car,Young,161.11111111111111,1,2
29,male,skilled,own,little,moderate,1169,18,0,radio/TV,Young,64.94444444444444,1,2
31,male,highly skilled,own,little,moderate,8947,36,0,car,Young,248.52777777777777,1,2
28,female,highly skilled,rent,little,little,2606,21,0,radio/TV,Young,124.0952380952381,1,1
35,female,skilled,own,rich,moderate,1592,12,0,furniture/equipment,Middle-aged,132.66666666666666,3,2
33,female,unskilled_and_non-resident,rent,little,moderate,2186,15,0,furniture/equipment,Young,145.73333333333332,1,2
42,male,skilled,own,little,little,4153,18,1,furniture/equipment,Middle-aged,230.72222222222223,1,1
43,male,skilled,rent,little,little,2625,16,1,car,Middle-aged,164.0625,1,1
44,male,skilled,own,little,moderate,3485,20,0,car,Middle-aged,174.25,1,2
42,male,skilled,free,little,moderate,10477,36,0,car,Middle-aged,291.02777777777777,1,2
40,male,skilled,rent,little,moderate,1386,15,0,radio/TV,Middle-aged,92.4,1,2
36,male,highly skilled,own,little,little,1278,24,0,radio/TV,Middle-aged,53.25,1,1
20,male,highly skilled,rent,little,little,1107,12,0,radio/TV,Young,92.25,1,1
24,male,unskilled_and_non-resident,own,little,little,3763,21,0,car,Young,179.1904761904762,1,1
27,male,skilled,own,little,moderate,3711,36,0,education,Young,103.08333333333333,1,2
46,female,unskilled_and_non-resident,own,little,little,3594,15,0,car,Middle-aged,239.6,1,1
33,female,unskilled_and_non-resident,own,little,moderate,3195,9,0,car,Young,355.0,1,2
34,female,skilled,own,little,little,4454,36,0,radio/TV,Young,123.72222222222223,1,1
25,female,unskilled_and_non-resident,own,little,moderate,4736,24,1,furniture/equipment,Young,197.33333333333334,1,2
25,female,skilled,own,little,moderate,2991,30,0,radio/TV,Young,99.7,1,2
28,male,skilled,own,rich,moderate,2142,11,0,business,Young,194.72727272727272,3,2
31,male,skilled,rent,little,little,3161,24,1,business,Young,131.70833333333334,1,1
32,female,highly skilled,own,little,moderate,18424,48,1,vacation/others,Young,383.8333333333333,1,2
32,male,skilled,own,moderate,moderate,2848,10,0,car,Young,284.8,2,2
68,male,highly skilled,own,little,little,14896,6,1,car,Retired,2482.6666666666665,1,1
33,male,skilled,own,moderate,little,2359,24,1,furniture/equipment,Young,98.29166666666667,2,1
39,male,highly skilled,rent,little,little,3345,24,1,furniture/equipment,Middle-aged,139.375,1,1
28,female,skilled,own,little,little,1817,18,0,furniture/equipment,Young,100.94444444444444,1,1
37,male,highly skilled,own,quite rich,moderate,12749,48,0,radio/TV,Middle-aged,265.6041666666667,4,2
22,female,skilled,rent,little,little,1366,9,1,radio/TV,Young,151.77777777777777,1,1
30,male,skilled,rent,little,moderate,2002,12,0,car,Young,166.83333333333334,1,2
55,male,skilled,own,little,little,6872,24,1,furniture/equipment,Middle-aged,286.3333333333333,1,1
46,male,skilled,own,little,little,697,12,1,car,Middle-aged,58.083333333333336,1,1
21,female,skilled,rent,little,little,1049,18,0,furniture/equipment,Young,58.27777777777778,1,1
39,male,skilled,free,little,little,10297,48,1,car,Middle-aged,214.52083333333334,1,1
58,male,skilled,own,little,moderate,1867,30,0,radio/TV,Middle-aged,62.233333333333334,1,2
43,male,unskilled_and_non-resident,own,little,little,1344,12,0,car,Middle-aged,112.0,1,1
24,male,unskilled_and_non-resident,own,little,little,1747,24,0,furniture/equipment,Young,72.79166666666667,1,1
22,female,skilled,own,little,moderate,1670,9,1,radio/TV,Young,185.55555555555554,1,2
30,male,skilled,own,little,little,1224,9,0,car,Young,136.0,1,1
42,male,skilled,own,quite rich,moderate,522,12,0,radio/TV,Middle-aged,43.5,4,2
23,female,skilled,own,little,little,1498,12,0,radio/TV,Young,124.83333333333333,1,1
30,male,highly skilled,own,moderate,moderate,1919,30,1,radio/TV,Young,63.96666666666667,2,2
28,female,unskilled_and_non-resident,own,little,rich,745,9,1,radio/TV,Young,82.77777777777777,1,3
30,male,highly skilled,rent,little,moderate,2063,6,0,radio/TV,Young,343.8333333333333,1,2
42,male,skilled,free,little,moderate,6288,60,1,education,Middle-aged,104.8,1,2
46,male,highly skilled,own,little,moderate,6842,24,0,car,Middle-aged,285.0833333333333,1,2
45,male,highly skilled,own,little,moderate,3527,12,0,car,Middle-aged,293.9166666666667,1,2
31,male,unskilled_and_non-resident,own,little,little,1546,10,0,car,Young,154.6,1,1
31,male,skilled,own,little,moderate,929,24,0,furniture/equipment,Young,38.708333333333336,1,2
42,male,unskilled_and_non-resident,own,little,little,1455,4,0,car,Middle-aged,363.75,1,1
46,female,skilled,rent,little,little,1845,15,0,furniture/equipment,Middle-aged,123.0,1,1
30,female,skilled,own,quite rich,moderate,8358,48,0,car,Young,174.125,4,2
30,male,skilled,free,quite rich,little,3349,24,1,furniture/equipment,Young,139.54166666666666,4,1
38,male,highly skilled,own,little,moderate,2859,12,0,car,Middle-aged,238.25,1,2
43,male,unskilled_and_non-resident,own,little,little,1533,18,1,furniture/equipment,Middle-aged,85.16666666666667,1,1
31,male,skilled,own,moderate,moderate,3621,24,1,radio/TV,Young,150.875,2,2
40,male,unskilled_and_non-resident,own,little,moderate,3590,18,0,business,Middle-aged,199.44444444444446,1,2
24,male,skilled,own,little,little,2145,36,1,business,Young,59.583333333333336,1,1
28,female,skilled,rent,quite rich,moderate,4113,24,1,car,Young,171.375,4,2
26,female,highly skilled,own,little,little,10974,36,1,furniture/equipment,Young,304.8333333333333,1,1
29,female,skilled,own,little,little,1893,12,0,car,Young,157.75,1,1
57,female,highly skilled,rent,rich,little,1231,24,0,radio/TV,Middle-aged,51.291666666666664,3,1
49,male,unskilled_and_non-resident,own,little,rich,3656,30,0,radio/TV,Middle-aged,121.86666666666666,1,3
37,male,unskilled_and_non-resident,own,little,moderate,1154,9,0,radio/TV,Middle-aged,128.22222222222223,1,2
45,male,unskilled_and_non-resident,own,little,little,4006,28,1,car,Middle-aged,143.07142857142858,1,1
30,male,skilled,free,moderate,moderate,3069,24,0,furniture/equipment,Young,127.875,2,2
30,male,skilled,rent,little,little,1740,6,0,radio/TV,Young,290.0,1,1
47,male,skilled,own,little,moderate,2353,21,0,car,Middle-aged,112.04761904761905,1,2
29,male,skilled,own,little,moderate,3556,15,0,car,Young,237.06666666666666,1,2
35,male,skilled,own,quite rich,moderate,2397,24,1,radio/TV,Middle-aged,99.875,4,2
22,male,unskilled_and_non-resident,own,little,moderate,454,6,0,repairs,Young,75.66666666666667,1,2
26,female,skilled,own,little,moderate,1715,30,0,radio/TV,Young,57.166666666666664,1,2
23,male,unskilled_and_non-resident,own,quite rich,moderate,2520,27,1,radio/TV,Young,93.33333333333333,4,2
54,female,highly skilled,rent,little,little,3568,15,0,radio/TV,Middle-aged,237.86666666666667,1,1
29,male,skilled,rent,little,moderate,7166,42,0,radio/TV,Young,170.61904761904762,1,2
40,male,unskilled_and_non-resident,own,little,little,3939,11,0,car,Middle-aged,358.09090909090907,1,1
22,male,skilled,own,moderate,moderate,1514,15,0,repairs,Young,100.93333333333334,2,2
43,male,unskilled_and_non-resident,own,little,little,7393,24,0,car,Middle-aged,308.0416666666667,1,1
29,female,unskilled_and_non-resident,rent,little,little,1193,24,1,car,Young,49.708333333333336,1,1
36,male,skilled,rent,little,little,7297,60,1,business,Middle-aged,121.61666666666666,1,1
33,female,skilled,own,little,little,2831,30,0,radio/TV,Young,94.36666666666666,1,1
57,female,unskilled_and_non-resident,own,quite rich,rich,1258,24,0,radio/TV,Middle-aged,52.416666666666664,4,3
64,female,skilled,own,little,moderate,753,6,0,radio/TV,Middle-aged,125.5,1,2
42,male,skilled,own,little,moderate,2427,18,0,business,Middle-aged,134.83333333333334,1,2
47,male,unskilled_and_non-resident,own,little,little,2538,24,1,car,Middle-aged,105.75,1,1
25,male,skilled,rent,moderate,moderate,1264,15,1,car,Young,84.26666666666667,2,2
49,male,skilled,own,little,moderate,8386,30,1,furniture/equipment,Middle-aged,279.53333333333336,1,2
33,male,highly skilled,rent,little,little,4844,48,1,business,Young,100.91666666666667,1,1
28,female,highly skilled,own,moderate,rich,2923,21,0,car,Young,139.1904761904762,2,3
26,male,skilled,own,little,little,8229,36,1,car,Young,228.58333333333334,1,1
30,male,unskilled_and_non-resident,own,little,little,2028,24,0,furniture/equipment,Young,84.5,1,1
25,female,skilled,rent,little,little,1433,15,0,furniture/equipment,Young,95.53333333333333,1,1
33,male,skilled,own,little,rich,6289,42,0,business,Young,149.73809523809524,1,3
64,female,skilled,own,moderate,moderate,1409,13,0,radio/TV,Middle-aged,108.38461538461539,2,2
29,male,highly skilled,free,little,little,6579,24,0,car,Young,274.125,1,1
48,male,unskilled_and_non-resident,own,little,moderate,1743,24,0,radio/TV,Middle-aged,72.625,1,2
37,male,unskilled_and_non-resident,own,little,moderate,3565,12,0,education,Middle-aged,297.0833333333333,1,2
34,male,unskilled_and_non-resident,own,moderate,moderate,1569,15,0,radio/TV,Young,104.6,2,2
23,male,unskilled_and_non-resident,rent,little,little,1936,18,0,radio/TV,Young,107.55555555555556,1,1
30,male,highly skilled,own,little,little,3959,36,0,furniture/equipment,Young,109.97222222222223,1,1
50,male,skilled,own,little,moderate,2390,12,0,car,Middle-aged,199.16666666666666,1,2
31,female,unskilled_and_non-resident,own,little,little,1736,12,0,furniture/equipment,Young,144.66666666666666,1,1
40,male,highly skilled,own,little,little,3857,30,0,car,Middle-aged,128.56666666666666,1,1
38,male,skilled,own,little,little,804,12,0,radio/TV,Middle-aged,67.0,1,1
23,male,skilled,free,little,little,1845,45,1,radio/TV,Young,41.0,1,1
27,male,skilled,own,moderate,moderate,4576,45,0,car,Young,101.68888888888888,2,2
